chembl_id,name,drugbank_id
CHEMBL2,PRAZOSIN,DB00457
CHEMBL3,NICOTINE,DB00184
CHEMBL4,OFLOXACIN,DB01165
CHEMBL5,NALIDIXIC ACID,DB00779
CHEMBL6,INDOMETHACIN,DB00328
CHEMBL403,SULBACTAM,DB09324
CHEMBL404,TAZOBACTAM,DB01606
CHEMBL8,CIPROFLOXACIN,DB00537
CHEMBL9,NORFLOXACIN,DB01059
CHEMBL405,AMPHETAMINE,DB00182
CHEMBL6622,ISOSORBIDE DINITRATE,DB00883
CHEMBL6437,MIANSERIN,DB06148
CHEMBL11,IMIPRAMINE,DB00458
CHEMBL406,INDAPAMIDE,DB00808
CHEMBL407,FLUMAZENIL,DB01205
CHEMBL408,TROGLITAZONE,DB00197
CHEMBL409,BICALUTAMIDE,DB01128
CHEMBL12,DIAZEPAM,DB00829
CHEMBL13,METOPROLOL,DB00264
CHEMBL411,DIETHYLSTILBESTROL,DB00255
CHEMBL267936,MECAMYLAMINE,DB00657
CHEMBL16,PHENYTOIN,DB00252
CHEMBL413,SIROLIMUS,DB00877
CHEMBL269732,TACROLIMUS ANHYDROUS,DB00864
CHEMBL415,CLOMIPRAMINE,DB01242
CHEMBL416,METHOXSALEN,DB00553
CHEMBL17,DICHLORPHENAMIDE,DB01144
CHEMBL18,ETHOXZOLAMIDE,DB00311
CHEMBL417,EPIRUBICIN,DB00445
CHEMBL19,METHAZOLAMIDE,DB00703
CHEMBL20,ACETAZOLAMIDE,DB00819
CHEMBL419,MAFENIDE,DB06795
CHEMBL21,SULFANILAMIDE,DB00259
CHEMBL22,TRIMETHOPRIM,DB00440
CHEMBL6966,VERAPAMIL,DB00661
CHEMBL421,SULFASALAZINE,DB00795
CHEMBL6466,COUMARIN,DB04665
CHEMBL23,DILTIAZEM,DB00343
CHEMBL24,ATENOLOL,DB00335
CHEMBL25,ASPIRIN,DB00945
CHEMBL422,TRIFLUOPERAZINE,DB00831
CHEMBL423,BETAXOLOL,DB00195
CHEMBL425,OLSALAZINE,DB01250
CHEMBL27,PROPRANOLOL,DB00571
CHEMBL6995,PRACTOLOL,DB01297
CHEMBL427,MECHLORETHAMINE,DB00888
CHEMBL29,PENICILLIN G,DB01053
CHEMBL428,TROVAFLOXACIN,DB00685
CHEMBL30,CIMETIDINE,DB00501
CHEMBL31,GATIFLOXACIN,DB01044
CHEMBL429,LABETALOL,DB00598
CHEMBL32,MOXIFLOXACIN,DB00218
CHEMBL33,LEVOFLOXACIN ANHYDROUS,DB01137
CHEMBL430,GEMIFLOXACIN,DB01155
CHEMBL431,SPIRAPRIL,DB01348
CHEMBL434,ISOPROTERENOL,DB01064
CHEMBL435,HYDROCHLOROTHIAZIDE,DB00999
CHEMBL35,FUROSEMIDE,DB00695
CHEMBL36,PYRIMETHAMINE,DB00205
CHEMBL436,TOLRESTAT,DB02383
CHEMBL437,SULFATHIAZOLE,DB06147
CHEMBL438,SULFAMERAZINE,DB01581
CHEMBL439,SULFADIAZINE,DB00359
CHEMBL440,THIAMYLAL,DB01154
CHEMBL441,THIOPENTAL,DB00599
CHEMBL268164,CYCLOBARBITAL,DB13737
CHEMBL442,ERGOTAMINE,DB00696
CHEMBL38,TRETINOIN,DB00755
CHEMBL7413,METHOHEXITAL,DB00474
CHEMBL40,PHENOBARBITAL,DB01174
CHEMBL41,FLUOXETINE,DB00472
CHEMBL443,SULFAMETHOXAZOLE,DB01015
CHEMBL42,CLOZAPINE,DB00363
CHEMBL445,NORTRIPTYLINE,DB00540
CHEMBL446,SULFAMETHAZINE,DB01582
CHEMBL447,SECOBARBITAL,DB00418
CHEMBL448,PENTOBARBITAL,DB00312
CHEMBL7568,QUINACRINE,DB01103
CHEMBL267894,AMOBARBITAL,DB01351
CHEMBL7728,HEXOBARBITAL,DB01355
CHEMBL449,BUTABARBITAL,DB00237
CHEMBL7863,APROBARBITAL,DB01352
CHEMBL450,METHARBITAL,DB00463
CHEMBL451,CHLORDIAZEPOXIDE,DB00475
CHEMBL266349,MELAGATRAN,DB13616
CHEMBL452,CLONAZEPAM,DB01068
CHEMBL453,SULFISOXAZOLE,DB00263
CHEMBL268869,SULFAMETHOXYPYRIDAZINE,DB13773
CHEMBL454,BUTALBITAL,DB00241
CHEMBL455,SULFACETAMIDE,DB00634
CHEMBL43,AMSACRINE,DB00276
CHEMBL456,ETHACRYNIC ACID,DB00903
CHEMBL267744,TICRYNAFEN,DB04831
CHEMBL457,GEMFIBROZIL,DB01241
CHEMBL45,MELATONIN,DB01065
CHEMBL46,ONDANSETRON,DB00904
CHEMBL49,BUSPIRONE,DB00490
CHEMBL459,METHYLDOPA,DB00968
CHEMBL460,MOLINDONE,DB01618
CHEMBL53,APOMORPHINE,DB00714
CHEMBL54,HALOPERIDOL,DB00502
CHEMBL55,PENTAMIDINE,DB00738
CHEMBL463,AMINOHIPPURIC ACID,DB00345
CHEMBL57,NEVIRAPINE,DB00238
CHEMBL465,DRONABINOL,DB00470
CHEMBL58,MITOXANTRONE,DB01204
CHEMBL59,DOPAMINE,DB00988
CHEMBL467,HYDROXYUREA,DB01005
CHEMBL61,PODOFILOX,DB01179
CHEMBL64,ISONIAZID,DB00951
CHEMBL468,THALIDOMIDE,DB01041
CHEMBL469,KETOROLAC,DB00465
CHEMBL471,SOTALOL,DB00489
CHEMBL472,GLYBURIDE,DB01016
CHEMBL9225,HEXESTROL,DB07931
CHEMBL473,DOFETILIDE,DB00204
CHEMBL476,DACARBAZINE,DB00851
CHEMBL477,ADENOSINE,DB00640
CHEMBL479,THIORIDAZINE,DB00679
CHEMBL480,LANSOPRAZOLE,DB00448
CHEMBL481,IRINOTECAN,DB00762
CHEMBL70,MORPHINE,DB00295
CHEMBL485,CODEINE,DB00318
CHEMBL71,CHLORPROMAZINE,DB00477
CHEMBL72,DESIPRAMINE,DB01151
CHEMBL488,AMINOGLUTETHIMIDE,DB00357
CHEMBL76,CHLOROQUINE,DB00608
CHEMBL490,PAROXETINE,DB00715
CHEMBL416146,ETORICOXIB,DB01628
CHEMBL79,LIDOCAINE,DB00281
CHEMBL492,ETIDOCAINE,DB08987
CHEMBL80,NALOXONE,DB01183
CHEMBL81,RALOXIFENE,DB00481
CHEMBL83,TAMOXIFEN,DB00675
CHEMBL493,BROMOCRIPTINE,DB01200
CHEMBL494,ILOPROST,DB01088
CHEMBL84,TOPOTECAN,DB01030
CHEMBL85,RISPERIDONE,DB00734
CHEMBL428880,CROMOLYN,DB01003
CHEMBL86,METOCLOPRAMIDE,DB01233
CHEMBL428647,PACLITAXEL,DB01229
CHEMBL495,ALPROSTADIL,DB00770
CHEMBL496,HEXACHLOROPHENE,DB00756
CHEMBL497,CLIOQUINOL,DB04815
CHEMBL10878,AGOMELATINE,DB06594
CHEMBL88,CYCLOPHOSPHAMIDE ANHYDROUS,DB00531
CHEMBL498,CHLORPROPAMIDE,DB00672
CHEMBL499,TIMOLOL,DB00373
CHEMBL500,PINDOLOL,DB00960
CHEMBL276832,HYDRALAZINE,DB01275
CHEMBL267345,AMPHOTERICIN B,DB00681
CHEMBL90,HISTAMINE,DB05381
CHEMBL91,MICONAZOLE,DB01110
CHEMBL92,DOCETAXEL ANHYDROUS,DB01248
CHEMBL93,ZILEUTON,DB00744
CHEMBL95,TACRINE,DB00382
CHEMBL502,DONEPEZIL,DB00843
CHEMBL503,LOVASTATIN,DB00227
CHEMBL11662,OZAGREL,DB12017
CHEMBL504,DIMETHYL SULFOXIDE,DB01093
CHEMBL505,CHLORPHENIRAMINE,DB01114
CHEMBL506,PRIMAQUINE,DB01087
CHEMBL509,MECLOFENAMIC ACID,DB00939
CHEMBL511,PYRILAMINE,DB06691
CHEMBL12713,SERTINDOLE,DB06144
CHEMBL513,CARMUSTINE,DB00262
CHEMBL514,LOMUSTINE,DB01206
CHEMBL515,CHLORAMBUCIL,DB00291
CHEMBL516,CYPROHEPTADINE,DB00434
CHEMBL12856,INAMRINONE,DB01427
CHEMBL517,DISOPYRAMIDE,DB00280
CHEMBL98,VORINOSTAT,DB02546
CHEMBL521,IBUPROFEN,DB01050
CHEMBL13280,FLUNITRAZEPAM,DB01544
CHEMBL524,METHOXAMINE,DB00723
CHEMBL526,PROPOFOL,DB00818
CHEMBL527,PIROXICAM,DB00554
CHEMBL528,CEFTIZOXIME,DB01332
CHEMBL101,PHENYLBUTAZONE,DB00812
CHEMBL529,AZITHROMYCIN,DB00207
CHEMBL531,PERGOLIDE,DB01186
CHEMBL532,ERYTHROMYCIN,DB00199
CHEMBL533,IBUTILIDE,DB00308
CHEMBL103,PROGESTERONE,DB00396
CHEMBL534,KETOTIFEN,DB00920
CHEMBL535,SUNITINIB,DB01268
CHEMBL537,HYDROQUINONE,DB09526
CHEMBL539,ACETIC ACID,DB03166
CHEMBL14060,PHENOL,DB03255
CHEMBL544,MEQUINOL,DB09516
CHEMBL104,CLOTRIMAZOLE,DB00257
CHEMBL105,MITOMYCIN,DB00305
CHEMBL545,ALCOHOL,DB00898
CHEMBL546,OXPRENOLOL,DB01580
CHEMBL106,FLUCONAZOLE,DB00196
CHEMBL547,ISOTRETINOIN,DB00982
CHEMBL14376,ILOPERIDONE,DB04946
CHEMBL548,DINOPROSTONE,DB00917
CHEMBL278020,NEOSTIGMINE,DB01400
CHEMBL549,CITALOPRAM,DB00215
CHEMBL550,PILOCARPINE,DB01085
CHEMBL107,COLCHICINE,DB01394
CHEMBL553,ERLOTINIB,DB00530
CHEMBL554,LAPATINIB,DB01259
CHEMBL108,CARBAMAZEPINE,DB00564
CHEMBL109,VALPROIC ACID,DB00313
CHEMBL277100,TEMAFLOXACIN,DB01405
CHEMBL110,BENZNIDAZOLE,DB11989
CHEMBL556,DEFEROXAMINE,DB00746
CHEMBL558,MEXILETINE,DB00379
CHEMBL559,DEXTROTHYROXINE,DB00509
CHEMBL111,RIMONABANT,DB06155
CHEMBL273575,NOMIFENSINE,DB04821
CHEMBL561,LOMEFLOXACIN,DB00978
CHEMBL562,GRISEOFULVIN,DB00400
CHEMBL563,FLURBIPROFEN,DB00712
CHEMBL564,PROMAZINE,DB00420
CHEMBL565,CLOFIBRATE,DB00636
CHEMBL112,ACETAMINOPHEN,DB00316
CHEMBL113,CAFFEINE,DB00201
CHEMBL16073,PHENACETIN,DB03783
CHEMBL567,PERPHENAZINE,DB00850
CHEMBL568,OXAZEPAM,DB00842
CHEMBL15770,SULINDAC,DB00605
CHEMBL276520,INDALPINE,DB08953
CHEMBL569,PROCAINE,DB00721
CHEMBL570,TRIFLUPROMAZINE,DB00508
CHEMBL571,KETOPROFEN,DB01009
CHEMBL572,NITROFURANTOIN,DB00698
CHEMBL15870,INDOPROFEN,DB08951
CHEMBL15891,LINDANE,DB00431
CHEMBL573,NIACIN,DB00627
CHEMBL575,METHICILLIN,DB01603
CHEMBL577,ENALAPRILAT ANHYDROUS,DB09477
CHEMBL578,ENALAPRIL,DB00584
CHEMBL580,LORAZEPAM,DB00186
CHEMBL582,ISOPROPYL ALCOHOL,DB02325
CHEMBL583,GREPAFLOXACIN,DB00365
CHEMBL114,SAQUINAVIR,DB01232
CHEMBL115,INDINAVIR ANHYDROUS,DB00224
CHEMBL584,NELFINAVIR,DB00220
CHEMBL116,AMPRENAVIR,DB00701
CHEMBL585,TRIAMTERENE,DB00384
CHEMBL118,CELECOXIB,DB00482
CHEMBL119,TRIMETREXATE,DB01157
CHEMBL588,FENOLDOPAM,DB00800
CHEMBL589,ROPINIROLE,DB00268
CHEMBL590,MENADIONE,DB00170
CHEMBL591,ETHCHLORVYNOL,DB00189
CHEMBL17157,TERFENADINE,DB00342
CHEMBL592,LEVORPHANOL,DB00854
CHEMBL593,DELAVIRDINE,DB00705
CHEMBL594,EMEDASTINE,DB01084
CHEMBL595,PIOGLITAZONE,DB01132
CHEMBL596,FENTANYL,DB00813
CHEMBL121,ROSIGLITAZONE,DB00412
CHEMBL17860,LOFEXIDINE,DB04948
CHEMBL597,PHENTOLAMINE,DB00692
CHEMBL18442,PLERIXAFOR,DB06809
CHEMBL18116,TOLOXATONE,DB09245
CHEMBL599,MELOXICAM,DB00814
CHEMBL600,ACETYLCYSTEINE,DB06151
CHEMBL601,AMINOLEVULINIC ACID,DB00855
CHEMBL602,CYSTEAMINE,DB00847
CHEMBL19019,NALTREXONE,DB00704
CHEMBL603,ZAFIRLUKAST,DB00549
CHEMBL122,ROFECOXIB,DB00533
CHEMBL19236,MOXONIDINE,DB09242
CHEMBL606,MISOPROSTOL,DB00929
CHEMBL278623,MACIMORELIN,DB13074
CHEMBL607,MEPERIDINE,DB00454
CHEMBL282052,METHAQUALONE,DB04833
CHEMBL608,PROBUCOL,DB01599
CHEMBL19299,LOXOPROFEN,DB09212
CHEMBL609,TRIENTINE,DB06824
CHEMBL19490,ZOMEPIRAC,DB04828
CHEMBL611,TERAZOSIN,DB01162
CHEMBL612,DEXTROAMPHETAMINE,DB01576
CHEMBL282724,SITAXENTAN,DB06268
CHEMBL614,PYRAZINAMIDE,DB00339
CHEMBL19449,IBUDILAST,DB05266
CHEMBL615,PENICILLIN V,DB00417
CHEMBL617,CEPHALOTHIN,DB00456
CHEMBL125,MILTEFOSINE,DB09031
CHEMBL126,LINEZOLID,DB00601
CHEMBL127,MEROPENEM,DB00760
CHEMBL621,TRAZODONE,DB00656
CHEMBL622,ETODOLAC,DB00749
CHEMBL21333,PRANLUKAST,DB01411
CHEMBL623,NEFAZODONE,DB01149
CHEMBL625,THIABENDAZOLE,DB00730
CHEMBL21536,XANOMELINE,DB15357
CHEMBL628,PENTOXIFYLLINE,DB00806
CHEMBL629,AMITRIPTYLINE,DB00321
CHEMBL128,SUMATRIPTAN,DB00669
CHEMBL631,PROPAFENONE,DB01182
CHEMBL632,BETAMETHASONE,DB00443
CHEMBL633,AMIODARONE,DB01118
CHEMBL634,ALFENTANIL,DB00802
CHEMBL635,PREDNISONE,DB00635
CHEMBL636,RIVASTIGMINE,DB00989
CHEMBL637,VENLAFAXINE,DB00285
CHEMBL129,ZIDOVUDINE,DB00495
CHEMBL638,VORICONAZOLE,DB00582
CHEMBL639,AZELASTINE,DB00972
CHEMBL130,CHLORAMPHENICOL,DB00446
CHEMBL640,PROCAINAMIDE,DB01035
CHEMBL641,ATOMOXETINE,DB00289
CHEMBL642,ACEBUTOLOL,DB01193
CHEMBL643,PROMETHAZINE,DB01069
CHEMBL131,PREDNISOLONE,DB00860
CHEMBL644,TRIMIPRAMINE,DB00726
CHEMBL645,BISOPROLOL,DB00612
CHEMBL646,TRIAZOLAM,DB00897
CHEMBL647,APRACLONIDINE,DB00964
CHEMBL648,CYCLIZINE,DB01176
CHEMBL434394,NEBIVOLOL,DB04861
CHEMBL650,METHYLPREDNISOLONE,DB00959
CHEMBL651,METHADONE,DB00333
CHEMBL652,FLECAINIDE,DB01195
CHEMBL134,CLONIDINE,DB00575
CHEMBL654,MIRTAZAPINE,DB00370
CHEMBL655,MIDAZOLAM,DB00683
CHEMBL22242,REMOXIPRIDE,DB00409
CHEMBL656,OXYCODONE,DB00497
CHEMBL135,ESTRADIOL,DB00783
CHEMBL657,DIPHENHYDRAMINE,DB01075
CHEMBL658,SUFENTANIL,DB00708
CHEMBL659,GALANTAMINE,DB00674
CHEMBL660,AMANTADINE,DB00915
CHEMBL661,ALPRAZOLAM,DB00404
CHEMBL21731,MAPROTILINE,DB00934
CHEMBL666,FOSCARNET,DB00529
CHEMBL667,ACETYLCHOLINE,DB03128
CHEMBL137,METRONIDAZOLE,DB00916
CHEMBL668,PROTRIPTYLINE,DB00344
CHEMBL669,CYCLOBENZAPRINE,DB00924
CHEMBL671,THIOTEPA,DB04572
CHEMBL672,FENOFIBRATE,DB01039
CHEMBL673,PARGYLINE,DB01626
CHEMBL677,LEVONORDEFRIN,DB06707
CHEMBL679,EPINEPHRINE,DB00668
CHEMBL680,CEFACLOR ANHYDROUS,DB00833
CHEMBL681,ETOMIDATE,DB00292
CHEMBL682,AMODIAQUINE,DB00613
CHEMBL684,DIETHYLCARBAMAZINE,DB00711
CHEMBL685,MEBENDAZOLE,DB00643
CHEMBL139,DICLOFENAC,DB00586
CHEMBL686,MEFENAMIC ACID,DB00784
CHEMBL689,MANNITOL,DB00742
CHEMBL24072,PRENYLAMINE,DB04825
CHEMBL691,ETHINYL ESTRADIOL,DB00977
CHEMBL284348,DALFAMPRIDINE,DB06637
CHEMBL692,GLYCERIN,DB09462
CHEMBL695,TRIMETHADIONE,DB00347
CHEMBL696,ETHOSUXIMIDE,DB00593
CHEMBL697,METHSUXIMIDE,DB05246
CHEMBL698,TETRACAINE,DB09085
CHEMBL700,SULFAPYRIDINE,DB00891
CHEMBL701,BACLOFEN,DB00181
CHEMBL702,PIPERACILLIN,DB00319
CHEMBL703,SUXAMETHONIUM,DB00202
CHEMBL704,MESALAMINE,DB00244
CHEMBL705,ALITRETINOIN,DB00523
CHEMBL706,CETYL ALCOHOL,DB09494
CHEMBL24778,SILODOSIN,DB06207
CHEMBL707,DOXAZOSIN,DB00590
CHEMBL24828,VANDETANIB,DB05294
CHEMBL278819,MINAPRINE,DB00805
CHEMBL25202,TAMIBAROTENE,DB04942
CHEMBL708,ZIPRASIDONE,DB00246
CHEMBL709,ALFUZOSIN,DB00346
CHEMBL710,FINASTERIDE,DB01216
CHEMBL711,PHENINDIONE,DB00498
CHEMBL712,ANISINDIONE,DB01125
CHEMBL713,ENTECAVIR ANHYDROUS,DB00442
CHEMBL141,LAMIVUDINE,DB00709
CHEMBL714,ALBUTEROL,DB01001
CHEMBL715,OLANZAPINE,DB00334
CHEMBL716,QUETIAPINE,DB01224
CHEMBL717,MEDROXYPROGESTERONE ACETATE,DB00603
CHEMBL719,MUPIROCIN,DB00410
CHEMBL720,BENZYL ALCOHOL,DB06770
CHEMBL28318,PROPYPHENAZONE,DB13524
CHEMBL723,CARVEDILOL,DB01136
CHEMBL726,FLUPHENAZINE,DB00623
CHEMBL727,THIOGUANINE,DB00352
CHEMBL728,PROCHLORPERAZINE,DB00433
CHEMBL729,LOPINAVIR,DB01601
CHEMBL730,NITROGLYCERIN,DB00727
CHEMBL734,ACETOHYDROXAMIC ACID,DB00551
CHEMBL741,LAMOTRIGINE,DB00555
CHEMBL742,KETAMINE,DB01221
CHEMBL744,RILUZOLE,DB00740
CHEMBL746,NEDOCROMIL,DB00716
CHEMBL750,ZONISAMIDE,DB00909
CHEMBL752,ADENOSINE PHOSPHATE,DB00131
CHEMBL753,PHENOXYBENZAMINE,DB00925
CHEMBL760,ANAGRELIDE,DB00261
CHEMBL761,NAPHAZOLINE,DB06711
CHEMBL762,OXYMETAZOLINE,DB00935
CHEMBL765,GUANETHIDINE,DB01170
CHEMBL766,CILASTATIN,DB01597
CHEMBL768,ESMOLOL,DB00187
CHEMBL770,TOLAZOLINE,DB00797
CHEMBL771,CYCLOSERINE,DB00260
CHEMBL148,IMIPENEM ANHYDROUS,DB01598
CHEMBL772,RESERPINE,DB00206
CHEMBL773,GLYCINE,DB00145
CHEMBL776,METAPROTERENOL,DB00816
CHEMBL777,CLAVULANIC ACID,DB00766
CHEMBL778,DEXMEDETOMIDINE,DB00633
CHEMBL779,TADALAFIL,DB00820
CHEMBL780,PENTETIC ACID,DB14007
CHEMBL781,MAZINDOL,DB00579
CHEMBL290106,BITHIONOL,DB04813
CHEMBL782,TOLBUTAMIDE,DB01124
CHEMBL783,NATEGLINIDE,DB00731
CHEMBL32479,BROTIZOLAM,DB09017
CHEMBL787,MONTELUKAST,DB00471
CHEMBL788,IDOXURIDINE,DB00249
CHEMBL36506,NOVOBIOCIN,DB01051
CHEMBL152,CIDOFOVIR ANHYDROUS,DB00369
CHEMBL790,CHLORHEXIDINE,DB00878
CHEMBL32800,FENOTEROL,DB01288
CHEMBL796,METHYLPHENIDATE,DB00422
CHEMBL285674,ESTAZOLAM,DB01215
CHEMBL797,PHENSUXIMIDE,DB00832
CHEMBL34259,METHOTREXATE,DB00563
CHEMBL284092,GEPIRONE,DB12184
CHEMBL799,CILOSTAZOL,DB01166
CHEMBL802,MINOXIDIL,DB00350
CHEMBL154,NAPROXEN,DB00788
CHEMBL416956,MEFLOQUINE,DB00358
CHEMBL803,CYTARABINE,DB00987
CHEMBL806,FLUTAMIDE,DB00499
CHEMBL807,MEMANTINE,DB01043
CHEMBL808,ECONAZOLE,DB01127
CHEMBL809,SERTRALINE,DB01104
CHEMBL810,TEMOZOLOMIDE,DB00853
CHEMBL811,BROMPHENIRAMINE,DB00835
CHEMBL37744,ZIMELDINE,DB04832
CHEMBL813,EPROSARTAN,DB00876
CHEMBL814,FLUVOXAMINE,DB00176
CHEMBL441738,AFAMELANOTIDE,DB04931
CHEMBL815,DINOPROST,DB12789
CHEMBL39736,BUFORMIN,DB04830
CHEMBL38827,LUMEFANTRINE,DB06708
CHEMBL817,TOLAZAMIDE,DB00839
CHEMBL818,IOBENGUANE,DB06704
CHEMBL819,OXACILLIN,DB00713
CHEMBL290960,NIFURTIMOX,DB11820
CHEMBL820,BUSULFAN,DB01008
CHEMBL821,GUANIDINE,DB00536
CHEMBL822,TERBINAFINE,DB00857
CHEMBL826,ENOXACIN,DB00467
CHEMBL827,DEXMETHYLPHENIDATE,DB06701
CHEMBL829,METHYLPROMAZINE,DB01246
CHEMBL830,EFLORNITHINE,DB06243
CHEMBL831,LOXAPINE,DB00408
CHEMBL832,SULFINPYRAZONE,DB01138
CHEMBL288470,AMINOPYRINE,DB01424
CHEMBL833,TICLOPIDINE,DB00208
CHEMBL290916,EDARAVONE,DB12243
CHEMBL834,PAMIDRONIC ACID,DB00282
CHEMBL289480,RILMENIDINE,DB11738
CHEMBL836,TAMSULOSIN,DB00706
CHEMBL158,AZTREONAM,DB00355
CHEMBL44354,CEFTAZIDIME,DB00438
CHEMBL838,BENAZEPRIL,DB00542
CHEMBL41355,EZOGABINE,DB04953
CHEMBL288441,BOSUTINIB,DB06616
CHEMBL839,CARTEOLOL,DB00521
CHEMBL841,LOPERAMIDE,DB00836
CHEMBL842,CHLOROTHIAZIDE,DB00880
CHEMBL844,BRIMONIDINE,DB00484
CHEMBL43452,POMALIDOMIDE,DB08910
CHEMBL43452,POMALIDOMIDE,DB17419
CHEMBL846,CALCITRIOL,DB00136
CHEMBL847,OXAMNIQUINE,DB01096
CHEMBL848,LENALIDOMIDE,DB00480
CHEMBL849,TRICLOSAN,DB08604
CHEMBL850,SPARFLOXACIN,DB01208
CHEMBL852,MELPHALAN,DB01042
CHEMBL853,ZALCITABINE,DB00943
CHEMBL855,TRIPROLIDINE,DB00427
CHEMBL296419,ASTEMIZOLE,DB00637
CHEMBL46740,BAZEDOXIFENE,DB06401
CHEMBL856,PRIMIDONE,DB00794
CHEMBL857,BIOTIN,DB00121
CHEMBL861,MEPHENYTOIN,DB00532
CHEMBL46917,CARBARIL,DB15930
CHEMBL862,GUANFACINE,DB01018
CHEMBL863,CYSTEINE,DB00151
CHEMBL864,CARBINOXAMINE,DB00748
CHEMBL295124,BERBERINE,DB04115
CHEMBL865,VALDECOXIB,DB00580
CHEMBL44884,ETHAMBUTOL,DB00330
CHEMBL44618,CHLOROFORM,DB11387
CHEMBL866,MYCOPHENOLIC ACID,DB01024
CHEMBL44657,ETOPOSIDE,DB00773
CHEMBL867,IOPANOIC ACID,DB08946
CHEMBL46286,OMACETAXINE MEPESUCCINATE,DB04865
CHEMBL48449,CANTHARIDIN,DB12328
CHEMBL262777,VANCOMYCIN,DB00512
CHEMBL869,NITROFURAZONE,DB00336
CHEMBL870,ALENDRONIC ACID,DB00630
CHEMBL871,ETIDRONIC ACID,DB01077
CHEMBL159,VINBLASTINE,DB00570
CHEMBL45816,MIBEFRADIL,DB01388
CHEMBL295698,LEVOKETOCONAZOLE,DB05667
CHEMBL298470,TAFENOQUINE,DB06608
CHEMBL160,CYCLOSPORINE,DB00091
CHEMBL877,TRANEXAMIC ACID,DB00302
CHEMBL878,METOLAZONE,DB00524
CHEMBL880,FAMCICLOVIR,DB00426
CHEMBL885,EMTRICITABINE,DB00879
CHEMBL887,RASAGILINE,DB01367
CHEMBL888,GEMCITABINE,DB00441
CHEMBL296306,LACTULOSE,DB00581
CHEMBL891,CLOXACILLIN,DB01147
CHEMBL893,DICLOXACILLIN,DB00485
CHEMBL894,BUPROPION,DB01156
CHEMBL50588,EMETINE,DB13393
CHEMBL895,NALBUPHINE,DB00844
CHEMBL52440,DEXTROMETHORPHAN,DB00514
CHEMBL896,HYDROXYZINE,DB00557
CHEMBL897,PROBENECID,DB01032
CHEMBL898,DIFLUNISAL,DB00861
CHEMBL900,ORPHENADRINE,DB01173
CHEMBL902,FAMOTIDINE,DB00927
CHEMBL53292,ISOXICAM,DB08942
CHEMBL53463,DOXORUBICIN,DB00997
CHEMBL905,RIZATRIPTAN,DB00953
CHEMBL908,CHLORPROTHIXENE,DB01239
CHEMBL911,ZOLPIDEM,DB00425
CHEMBL914,FEXOFENADINE,DB00950
CHEMBL916,TIROFIBAN,DB00775
CHEMBL53418,DANTHRON,DB04816
CHEMBL917,FLOXURIDINE,DB00322
CHEMBL918,PHENACEMIDE,DB01121
CHEMBL922,ADEFOVIR DIPIVOXIL,DB00718
CHEMBL161,CEFTRIAXONE,DB01212
CHEMBL923,RISEDRONIC ACID,DB00884
CHEMBL924,ZOLEDRONIC ACID ANHYDROUS,DB00399
CHEMBL925,TYROSINE,DB00135
CHEMBL926,DOBUTAMINE,DB00841
CHEMBL56021,LEVACETYLLEUCINE,DB16956
CHEMBL927,CEFDINIR,DB00535
CHEMBL54976,TRYPTOPHAN,DB00150
CHEMBL298734,LONAFARNIB,DB06448
CHEMBL930,GLUTAMINE,DB00130
CHEMBL56367,NIMESULIDE,DB04743
CHEMBL931,HALOTHANE,DB01159
CHEMBL932,DIPYRIDAMOLE,DB00975
CHEMBL934,METYRAPONE,DB01011
CHEMBL936,DIPHENIDOL,DB01231
CHEMBL938,SARALASIN,DB06763
CHEMBL163,RITONAVIR,DB00503
CHEMBL939,GEFITINIB,DB00317
CHEMBL940,GABAPENTIN,DB00996
CHEMBL58323,LACOSAMIDE,DB06218
CHEMBL941,IMATINIB,DB00619
CHEMBL301265,PRAMIPEXOLE,DB00413
CHEMBL942,BISACODYL,DB09020
CHEMBL56337,EPALRESTAT,DB15293
CHEMBL945,AMILORIDE,DB00594
CHEMBL946,AZATADINE,DB00719
CHEMBL294199,CAPSAICIN,DB06774
CHEMBL953,ENTACAPONE,DB00494
CHEMBL61593,CYCLOTHIAZIDE,DB00606
CHEMBL956,SUPROFEN,DB00870
CHEMBL957,BOSENTAN,DB00559
CHEMBL959,RIMANTADINE,DB00478
CHEMBL960,LEFLUNOMIDE,DB01097
CHEMBL62193,SULFADIMETHOXINE,DB06150
CHEMBL61006,PHENYLPROPANOLAMINE,DB00397
CHEMBL963,OXYMORPHONE,DB01192
CHEMBL964,DISULFIRAM,DB00822
CHEMBL965,CARBAMOYLCHOLINE,DB00411
CHEMBL967,TEMAZEPAM,DB00231
CHEMBL968,FLURAZEPAM,DB00690
CHEMBL969,PRAZEPAM,DB01588
CHEMBL970,HALAZEPAM,DB00801
CHEMBL972,SELEGILINE,DB01037
CHEMBL973,TERIFLUNOMIDE,DB08880
CHEMBL976,PRAZIQUANTEL,DB01058
CHEMBL977,HYDROCORTISONE HEMISUCCINATE ANHYDROUS,DB14545
CHEMBL978,METHACHOLINE,DB06709
CHEMBL979,MEPROBAMATE,DB00371
CHEMBL980,GUAIFENESIN,DB00874
CHEMBL981,FENOFIBRIC ACID,DB13873
CHEMBL982,NALMEFENE,DB06230
CHEMBL985,UREA,DB03904
CHEMBL291657,CRINECERFONT,DB18518
CHEMBL63857,PHENOLPHTHALEIN,DB04824
CHEMBL986,RETINOL,DB00162
CHEMBL989,FLUOCINOLONE ACETONIDE,DB00591
CHEMBL990,BUTENAFINE,DB01091
CHEMBL991,STAVUDINE,DB00649
CHEMBL996,CEFOXITIN,DB01331
CHEMBL70046,SORIVUDINE,DB11998
CHEMBL997,IBANDRONIC ACID,DB00710
CHEMBL998,LORATADINE,DB00455
CHEMBL305660,EBASTINE,DB11742
CHEMBL1000,CETIRIZINE,DB00341
CHEMBL70418,CLOBAZAM,DB00349
CHEMBL1002,LEVOSALBUTAMOL,DB13139
CHEMBL1004,DOXYLAMINE,DB00366
CHEMBL70972,SERATRODAST,DB06739
CHEMBL1005,REMIFENTANIL,DB00899
CHEMBL70927,DEFERIPRONE,DB08826
CHEMBL1006,AMIFOSTINE,DB01143
CHEMBL1008,BEPRIDIL,DB01244
CHEMBL1009,LEVODOPA,DB01235
CHEMBL308954,ETRAVIRINE,DB06414
CHEMBL306700,VILOXAZINE,DB09185
CHEMBL1013,LORACARBEF ANHYDROUS,DB00447
CHEMBL74632,MOXALACTAM,DB04570
CHEMBL1014,CANDESARTAN CILEXETIL,DB00796
CHEMBL1017,TELMISARTAN,DB00966
CHEMBL1018,DIENESTROL,DB00890
CHEMBL75435,DEXKETOPROFEN,DB09214
CHEMBL73234,CARBETAPENTANE,DB11186
CHEMBL1020,TOLMETIN,DB00500
CHEMBL1021,NEPAFENAC,DB06802
CHEMBL75880,PERHEXILINE,DB01074
CHEMBL1023,BEXAROTENE,DB00307
CHEMBL1024,IFOSFAMIDE,DB01181
CHEMBL1025,ISOFLUROPHATE,DB00677
CHEMBL1027,TIAGABINE,DB00906
CHEMBL76370,TEGASEROD,DB01079
CHEMBL431770,ISTRADEFYLLINE,DB11757
CHEMBL1029,MIGLUSTAT,DB00419
CHEMBL1037,GUANADREL,DB00226
CHEMBL1040,CALCIFEDIOL ANHYDROUS,DB00146
CHEMBL1042,CHOLECALCIFEROL,DB00169
CHEMBL1043,DAPSONE,DB00250
CHEMBL1046,AMINOCAPROIC ACID,DB00513
CHEMBL311498,CIANIDANOL,DB14086
CHEMBL1051,LATANOPROST,DB00654
CHEMBL1054,TRICHLORMETHIAZIDE,DB01021
CHEMBL1055,CHLORTHALIDONE,DB00310
CHEMBL316157,CEPHALORIDINE,DB09008
CHEMBL1057,FLUORESCEIN,DB00693
CHEMBL1059,PREGABALIN,DB00230
CHEMBL1060,"SODIUM PHOSPHATE, DIBASIC, ANHYDROUS",DB14502
CHEMBL1064,SIMVASTATIN,DB00641
CHEMBL1068,OXCARBAZEPINE,DB00776
CHEMBL1069,VALSARTAN,DB00177
CHEMBL315838,ENCAINIDE,DB01228
CHEMBL86304,MOCLOBEMIDE,DB01171
CHEMBL85231,MEDIFOXAMINE,DB13219
CHEMBL1070,NABUMETONE,DB00461
CHEMBL1071,OXAPROZIN,DB00991
CHEMBL86715,PROCYCLIDINE,DB00387
CHEMBL1072,BUMETANIDE,DB00887
CHEMBL1073,GLIPIZIDE,DB01067
CHEMBL87493,FENFLURAMINE,DB00574
CHEMBL1075,MORICIZINE,DB00680
CHEMBL87992,ESLICARBAZEPINE ACETATE,DB09119
CHEMBL1077,BROMFENAC,DB00963
CHEMBL1079,TIZANIDINE,DB00697
CHEMBL89598,VIGABATRIN,DB01080
CHEMBL1082,AMOXICILLIN,DB01060
CHEMBL313972,MASOPROCOL,DB00179
CHEMBL314854,FINGOLIMOD,DB08868
CHEMBL91397,RUPATADINE,DB11614
CHEMBL1085,ACETOPHENAZINE,DB01063
CHEMBL1086,DIBUCAINE,DB00527
CHEMBL1087,MEPIVACAINE,DB00961
CHEMBL1088,MESORIDAZINE,DB00933
CHEMBL1089,PHENELZINE,DB00780
CHEMBL1090,VIDARABINE,DB00194
CHEMBL90593,PRASTERONE,DB01708
CHEMBL1091,HYDROCORTISONE ACETATE,DB14539
CHEMBL1093,ARTICAINE,DB09009
CHEMBL1094,FELBAMATE,DB00949
CHEMBL1095,ETHOTOIN,DB00754
CHEMBL1096,AMLEXANOX,DB01025
CHEMBL94081,ALCLOFENAC,DB13167
CHEMBL1098,BUPIVACAINE,DB00297
CHEMBL1100,PARAMETHADIONE,DB00617
CHEMBL1101,BIPERIDEN,DB00810
CHEMBL1102,GLUTETHIMIDE,DB01437
CHEMBL1103,FURAZOLIDONE,DB00614
CHEMBL1104,EDROPHONIUM,DB01010
CHEMBL1106,EPINASTINE,DB00751
CHEMBL1107,HALOFANTRINE,DB01218
CHEMBL1108,DROPERIDOL,DB00450
CHEMBL94454,MIZOLASTINE,DB12523
CHEMBL1109,SULFAPHENAZOLE,DB06729
CHEMBL1110,ALOSETRON,DB00969
CHEMBL94394,BUFEXAMAC,DB13346
CHEMBL316561,PROGLUMIDE,DB13431
CHEMBL1111,AMBRISENTAN,DB06403
CHEMBL1112,ARIPIPRAZOLE,DB01238
CHEMBL1113,AMOXAPINE,DB00543
CHEMBL1115,PYRIDOSTIGMINE,DB00545
CHEMBL1117,IDARUBICIN,DB01177
CHEMBL95889,BETAINE,DB04455
CHEMBL1118,DESVENLAFAXINE,DB06700
CHEMBL319144,MINODRONIC ACID,DB06548
CHEMBL328190,LASOFOXIFENE,DB06202
CHEMBL317052,REGADENOSON ANHYDROUS,DB06213
CHEMBL99946,LEVOMILNACIPRAN,DB08918
CHEMBL317094,IMIDAPRIL,DB11783
CHEMBL100116,PENTAZOCINE,DB00652
CHEMBL1123,DICYCLOMINE,DB00804
CHEMBL1129,TRIFLURIDINE,DB00432
CHEMBL1131,ACITRETIN,DB00459
CHEMBL1136,TELITHROMYCIN,DB00976
CHEMBL1138,EZETIMIBE,DB00973
CHEMBL1139,EPOPROSTENOL,DB01240
CHEMBL1140,NIACINAMIDE,DB02701
CHEMBL418995,AMINEPTINE,DB04836
CHEMBL106258,AMINOREX,DB01490
CHEMBL110458,MIGALASTAT,DB05018
CHEMBL108545,METHYL SALICYLATE,DB09543
CHEMBL1141,POTASSIUM IODIDE,DB06715
CHEMBL1144,PRAVASTATIN,DB00175
CHEMBL1148,TORSEMIDE,DB00214
CHEMBL1149,LEVOCARNITINE,DB00583
CHEMBL1152,PREDNISOLONE ACETATE,DB15566
CHEMBL110691,CHLORMADINONE ACETATE,DB15903
CHEMBL113178,SELENOMETHIONINE,DB11142
CHEMBL1159,PINACIDIL ANHYDROUS,DB06762
CHEMBL1161,MOMETASONE FUROATE,DB14512
CHEMBL1162,NORETHINDRONE,DB00717
CHEMBL1163,ATAZANAVIR,DB01072
CHEMBL1165,MOEXIPRIL,DB00691
CHEMBL1166,ARGATROBAN,DB00278
CHEMBL1167,SPECTINOMYCIN,DB00919
CHEMBL1168,RAMIPRIL,DB00178
CHEMBL1169,AMINOSALICYLIC ACID,DB00233
CHEMBL1170,TESTOSTERONE PROPIONATE,DB01420
CHEMBL117287,PRUCALOPRIDE,DB06480
CHEMBL1172,DESLORATADINE,DB00967
CHEMBL333826,DEQUALINIUM,DB04209
CHEMBL1175,DULOXETINE,DB00476
CHEMBL1177,PEMOLINE,DB01230
CHEMBL117785,TETRABENAZINE,DB04844
CHEMBL71595,HYDROGEN PEROXIDE,DB11091
CHEMBL1185,ZOLMITRIPTAN,DB00315
CHEMBL1187,PHOSPHORIC ACID,DB09394
CHEMBL1190,DECAMETHONIUM,DB01245
CHEMBL339427,TUBOCURARINE,DB01199
CHEMBL338802,SULFAGUANIDINE,DB13726
CHEMBL1191,SULFAMETHIZOLE,DB00576
CHEMBL1193,PHENIRAMINE,DB01620
CHEMBL1194,PRILOCAINE,DB00750
CHEMBL1195,PROPOXYCAINE,DB09342
CHEMBL1196,PROPARACAINE,DB00807
CHEMBL1197,HEXYLCAINE,DB00473
CHEMBL1198,PRAMOXINE,DB09345
CHEMBL1200,BENOXINATE,DB00892
CHEMBL1201,THIOTHIXENE,DB01623
CHEMBL127516,BUTAMBEN,DB11148
CHEMBL1206,ETHOPROPAZINE,DB00392
CHEMBL1208,CINOXACIN,DB00827
CHEMBL334966,CANGRELOR,DB06441
CHEMBL1214,CARBENICILLIN,DB00578
CHEMBL340978,BENOXAPROFEN,DB04812
CHEMBL1215,PHENYLEPHRINE,DB00388
CHEMBL1218,RAMELTEON,DB00980
CHEMBL1219,RABEPRAZOLE,DB01129
CHEMBL1220,TINIDAZOLE,DB00911
CHEMBL1221,SULCONAZOLE,DB06820
CHEMBL135400,ZOPICLONE,DB01198
CHEMBL1224,ACRIVASTINE,DB09488
CHEMBL1228,OXYPHENBUTAZONE ANHYDROUS,DB03585
CHEMBL1229,OSELTAMIVIR,DB00198
CHEMBL139367,PERAMIVIR ANHYDROUS,DB06614
CHEMBL1231,OXYBUTYNIN,DB01062
CHEMBL1233,CARISOPRODOL,DB00395
CHEMBL1237,LISINOPRIL ANHYDROUS,DB00722
CHEMBL1238,AZELAIC ACID,DB00548
CHEMBL1239,BENZYL BENZOATE,DB00676
CHEMBL1241,TRIPELENNAMINE,DB00792
CHEMBL1242,PHENAZOPYRIDINE,DB01438
CHEMBL141305,CYCLOFENIL,DB13472
CHEMBL1243,SULFABENZAMIDE,DB09355
CHEMBL142703,VILDAGLIPTIN,DB04876
CHEMBL1251,GANIRELIX,DB06785
CHEMBL142635,NAFTOPIDIL,DB12092
CHEMBL415606,DEGARELIX,DB06699
CHEMBL1252,ABARELIX,DB00106
CHEMBL1256,ISOFLURANE,DB00753
CHEMBL142438,NITROGEN,DB09152
CHEMBL1257,ENFLURANE,DB00228
CHEMBL1259,METOCURINE,DB01336
CHEMBL1261,CITRIC ACID,DB04272
CHEMBL1262,OXICONAZOLE,DB00239
CHEMBL1263,SALMETEROL,DB00938
CHEMBL1265,ADAPALENE,DB00210
CHEMBL146095,GLAFENINE,DB08963
CHEMBL1266,TETRAHYDROZOLINE,DB06764
CHEMBL343448,ROMIDEPSIN,DB06176
CHEMBL1271,PENTOLINIUM,DB01090
CHEMBL1272,REPAGLINIDE,DB00912
CHEMBL1274,NILUTAMIDE,DB00665
CHEMBL1278,NARATRIPTAN,DB00952
CHEMBL1279,FROVATRIPTAN,DB00998
CHEMBL1282,IMIQUIMOD,DB00724
CHEMBL348000,CINCHOPHEN,DB13551
CHEMBL1286,LEVETIRACETAM,DB01202
CHEMBL1289,HALOPROGIN,DB00793
CHEMBL1290,PENBUTOLOL,DB01359
CHEMBL345524,ANTRAFENINE,DB01419
CHEMBL1291,METIPRANOLOL,DB01214
CHEMBL1293,BETA CAROTENE,DB06755
CHEMBL1294,QUINIDINE,DB00908
CHEMBL1295,BUTOCONAZOLE,DB00639
CHEMBL1296,CEFOTIAM,DB00229
CHEMBL1297,FENOPROFEN,DB00573
CHEMBL157101,KETOCONAZOLE,DB01026
CHEMBL170,QUININE,DB00468
CHEMBL1301,HYDROXYSTILBAMIDINE,DB14753
CHEMBL1303,ROTIGOTINE,DB05271
CHEMBL1305,ANTAZOLINE,DB08799
CHEMBL1308,FOMEPIZOLE,DB01213
CHEMBL1311,ISOSORBIDE MONONITRATE,DB01020
CHEMBL1314,TIOPRONIN,DB06823
CHEMBL1316,CARPROFEN,DB00821
CHEMBL159226,MOXISYLYTE,DB09205
CHEMBL1321,PROCARBAZINE,DB01168
CHEMBL1323,DARUNAVIR,DB01264
CHEMBL1324,TOLCAPONE,DB00323
CHEMBL1328,PENTAGASTRIN,DB00183
CHEMBL1336,SORAFENIB,DB00398
CHEMBL167731,PIXANTRONE,DB06193
CHEMBL1337,NITISINONE,DB00348
CHEMBL170988,PHENFORMIN,DB00914
CHEMBL354077,AMIFAMPRIDINE,DB11640
CHEMBL354541,LOMITAPIDE,DB08827
CHEMBL1341,METHOXYFLURANE,DB01028
CHEMBL1342,OXYBATE,DB01440
CHEMBL1346,DARIFENACIN,DB00496
CHEMBL175247,ORLISTAT,DB01083
CHEMBL175691,RILPIVIRINE,DB08864
CHEMBL1349,VALACYCLOVIR,DB00577
CHEMBL539423,SPARSENTAN,DB12548
CHEMBL180022,NERATINIB,DB11828
CHEMBL1350,TILUDRONIC ACID,DB01133
CHEMBL178803,BLONANSERIN,DB09223
CHEMBL360328,LORCASERIN,DB04871
CHEMBL361812,RAMATROBAN,DB13036
CHEMBL1353,SODIUM BICARBONATE,DB01390
CHEMBL1354,SODIUM ACETATE,DB09395
CHEMBL1355,SODIUM CITRATE,DB09154
CHEMBL1358,FULVESTRANT,DB00947
CHEMBL1359,ERTAPENEM,DB00303
CHEMBL174,AMPICILLIN,DB00415
CHEMBL185073,PANCURONIUM,DB01337
CHEMBL1363,ARFORMOTEROL,DB01274
CHEMBL1364,PYRIDOXINE,DB00165
CHEMBL184412,DRONEDARONE,DB04855
CHEMBL363295,TERODILINE,DB13725
CHEMBL1368,"SODIUM PHOSPHATE, MONOBASIC",DB09449
CHEMBL186314,SODIUM CARBONATE,DB09460
CHEMBL439849,VILAZODONE,DB06684
CHEMBL1370,BUDESONIDE,DB01222
CHEMBL188952,PIRPROFEN,DB13722
CHEMBL1371,CHLORZOXAZONE,DB00356
CHEMBL361497,ARTESUNATE,DB09274
CHEMBL188921,BUFLOMEDIL,DB13510
CHEMBL191083,METHYLENE BLUE CATION,DB08167
CHEMBL1372,OXIGLUTATIONE,DB03310
CHEMBL1373,MODAFINIL,DB00745
CHEMBL435298,ESFLURBIPROFEN,DB16159
CHEMBL175,DEXIBUPROFEN,DB09213
CHEMBL190461,CANNABIDIOL,DB09061
CHEMBL189963,PALBOCICLIB,DB09073
CHEMBL1377,PROGUANIL,DB01131
CHEMBL1378,THIETHYLPERAZINE,DB00372
CHEMBL193240,ROFLUMILAST,DB01656
CHEMBL1380,ABACAVIR,DB01048
CHEMBL1382,TOLTERODINE,DB01036
CHEMBL426084,SAMIDORPHAN,DB12543
CHEMBL370143,PAROMOMYCIN,DB01421
CHEMBL1384,KANAMYCIN,DB01172
CHEMBL197084,TROFINETIDE,DB06045
CHEMBL193482,ESTRIOL,DB04573
CHEMBL1387,NORETHYNODREL,DB09371
CHEMBL1388,MONOBENZONE,DB00600
CHEMBL1389,LEVONORGESTREL,DB00367
CHEMBL1393,SPIRONOLACTONE,DB00421
CHEMBL363392,MARALIXIBAT,DB16226
CHEMBL1395,METHYLTESTOSTERONE,DB06710
CHEMBL198362,RIVAROXABAN,DB06228
CHEMBL382301,ATOSIBAN,DB09059
CHEMBL177,AMIKACIN,DB00479
CHEMBL370805,COCAINE,DB00907
CHEMBL1397,POSACONAZOLE,DB01263
CHEMBL372795,STREPTOMYCIN,DB01082
CHEMBL178,DAUNORUBICIN,DB00694
CHEMBL1399,ANASTROZOLE,DB01217
CHEMBL1401,NITAZOXANIDE,DB00507
CHEMBL204656,ELVITEGRAVIR,DB09101
CHEMBL203321,BRINCIDOFOVIR,DB12151
CHEMBL1404,RANOLAZINE,DB00243
CHEMBL206253,NETUPITANT,DB09048
CHEMBL1405,ESTRONE,DB00655
CHEMBL205596,CHOLIC ACID,DB02659
CHEMBL1410,NONOXYNOL 9,DB06804
CHEMBL207538,BREXANOLONE,DB11859
CHEMBL211456,EPHEDRINE,DB01364
CHEMBL1412,PIPERAZINE,DB00592
CHEMBL1413,CICLOPIROX,DB01188
CHEMBL443052,TAVABOROLE,DB09041
CHEMBL1419,SIBUTRAMINE,DB01105
CHEMBL1420,PRALIDOXIME,DB00733
CHEMBL218291,FORODESINE,DB06185
CHEMBL215303,GARENOXACIN,DB06160
CHEMBL218394,BOCEPREVIR,DB08873
CHEMBL385517,SAXAGLIPTIN ANHYDROUS,DB06335
CHEMBL1421,DASATINIB ANHYDROUS,DB01254
CHEMBL1422,SITAGLIPTIN,DB01261
CHEMBL1423,PIMOZIDE,DB01100
CHEMBL386630,TESTOSTERONE,DB00624
CHEMBL1425,MERCAPTOPURINE ANHYDROUS,DB01033
CHEMBL181,DIAZOXIDE,DB01119
CHEMBL374478,RIFAMPIN,DB01045
CHEMBL218650,DELAMANID,DB11637
CHEMBL1428,NIMODIPINE,DB00393
CHEMBL384467,DEXAMETHASONE,DB01234
CHEMBL182,GANCICLOVIR,DB01004
CHEMBL184,ACYCLOVIR,DB00787
CHEMBL374731,TELBIVUDINE,DB01265
CHEMBL218490,DORZOLAMIDE,DB00869
CHEMBL220491,BRINZOLAMIDE,DB01194
CHEMBL220492,TOPIRAMATE,DB00273
CHEMBL1429,DESMOPRESSIN,DB00035
CHEMBL426559,LAROPIPRANT,DB11629
CHEMBL221959,TOFACITINIB,DB08895
CHEMBL185,FLUOROURACIL,DB00544
CHEMBL1430,PENICILLAMINE,DB00859
CHEMBL1431,METFORMIN,DB00331
CHEMBL221326,DIQUAFOSOL,DB15919
CHEMBL376897,METHSCOPOLAMINE,DB11315
CHEMBL1433,DOXYCYCLINE ANHYDROUS,DB00254
CHEMBL1434,MINOCYCLINE,DB01017
CHEMBL1435,CEFAZOLIN,DB01327
CHEMBL1436,CEFUROXIME,DB01112
CHEMBL186,CEFEPIME,DB01413
CHEMBL222559,TIPRANAVIR,DB00932
CHEMBL1437,NOREPINEPHRINE,DB00368
CHEMBL221722,FAVIPIRAVIR,DB12466
CHEMBL222813,ZANAMIVIR,DB00558
CHEMBL376140,TIGECYCLINE,DB00560
CHEMBL223448,BROXYQUINOLINE,DB13536
CHEMBL376488,BEDAQUILINE,DB08903
CHEMBL1440,TETRACYCLINE,DB00759
CHEMBL1441,ETHIONAMIDE,DB00609
CHEMBL225071,RALTITREXED,DB00293
CHEMBL225072,PEMETREXED,DB00642
CHEMBL389621,HYDROCORTISONE,DB00741
CHEMBL1443,NAFCILLIN,DB00607
CHEMBL388590,BENZBROMARONE,DB12319
CHEMBL1444,LETROZOLE,DB01006
CHEMBL223228,EFAVIRENZ,DB00625
CHEMBL1445,FLUOXYMESTERONE,DB01185
CHEMBL376359,ALOGLIPTIN,DB06203
CHEMBL1447,LINCOMYCIN,DB01627
CHEMBL227875,PRETOMANID,DB05154
CHEMBL1448,NICLOSAMIDE,DB06803
CHEMBL1449,TICARCILLIN,DB01607
CHEMBL1450,ATOVAQUONE,DB01117
CHEMBL189,MILRINONE,DB00235
CHEMBL1451,TRIAMCINOLONE,DB00620
CHEMBL190,THEOPHYLLINE ANHYDROUS,DB00277
CHEMBL230158,SELADELPAR,DB12390
CHEMBL1454,LEVAMISOLE,DB00848
CHEMBL1455,ALTRETAMINE,DB00488
CHEMBL1456,MYCOPHENOLATE MOFETIL,DB00688
CHEMBL1457,HYDROCODONE,DB00956
CHEMBL396778,SAFINAMIDE,DB06654
CHEMBL231068,FLIBANSERIN,DB04908
CHEMBL243712,AMISULPRIDE,DB06288
CHEMBL395091,ESKETAMINE,DB11823
CHEMBL1460,DIDANOSINE,DB00900
CHEMBL231884,DIOSMIN,DB08995
CHEMBL1463,FLUCYTOSINE,DB01099
CHEMBL1464,WARFARIN,DB00682
CHEMBL1465,PHENPROCOUMON,DB00946
CHEMBL1466,DICUMAROL,DB00266
CHEMBL233406,SODIUM SULFATE ANHYDROUS,DB09472
CHEMBL231813,TELAPREVIR,DB05521
CHEMBL1467,ALLOPURINOL,DB00437
CHEMBL232201,BENZIODARONE,DB13277
CHEMBL444633,RIFABUTIN,DB00615
CHEMBL231779,APIXABAN,DB06605
CHEMBL1469,PHENYLBUTANOIC ACID,DB06819
CHEMBL437765,RIFAMYCIN,DB11753
CHEMBL235668,TIPIRACIL,DB09343
CHEMBL1471,APREPITANT,DB00673
CHEMBL237500,LINAGLIPTIN,DB08882
CHEMBL1472,PROTIRELIN,DB09421
CHEMBL1473,FLUTICASONE PROPIONATE,DB00588
CHEMBL1475,TRIOXSALEN,DB04571
CHEMBL1477,CERIVASTATIN,DB00439
CHEMBL240597,CHENODIOL,DB06777
CHEMBL1479,DANAZOL,DB01406
CHEMBL1480,FELODIPINE,DB01023
CHEMBL1481,GLIMEPIRIDE,DB00222
CHEMBL238804,SELEXIPAG,DB11362
CHEMBL1482,BETHANECHOL,DB01019
CHEMBL1483,ALBENDAZOLE,DB00518
CHEMBL1484,NICARDIPINE,DB00622
CHEMBL245807,OXYPHENISATINE,DB04823
CHEMBL191,LOSARTAN,DB00678
CHEMBL192,SILDENAFIL,DB00203
CHEMBL247951,PEMAFIBRATE,DB15212
CHEMBL398435,TICAGRELOR,DB08816
CHEMBL1487,ATORVASTATIN,DB01076
CHEMBL1488,URACIL MUSTARD,DB00791
CHEMBL1489,AZACITIDINE,DB00928
CHEMBL1490,TRIHEXYPHENIDYL,DB00376
CHEMBL1491,AMLODIPINE,DB00381
CHEMBL400599,BENFLUOREX,DB09022
CHEMBL254857,FIPEXIDE,DB13790
CHEMBL1492,DIPHENYLPYRALINE,DB01146
CHEMBL1493,FLAVOXATE,DB01148
CHEMBL255044,FLUPIRTINE,DB06623
CHEMBL1495,OXYPHENCYCLIMINE,DB00383
CHEMBL252556,IDEBENONE,DB09081
CHEMBL1496,ROSUVASTATIN,DB01098
CHEMBL254219,DIGITOXIN,DB01396
CHEMBL1501,FLUOCINONIDE,DB01047
CHEMBL398707,HYDROMORPHONE,DB00327
CHEMBL193,NIFEDIPINE,DB01115
CHEMBL1502,PANTOPRAZOLE,DB00213
CHEMBL1503,OMEPRAZOLE,DB00338
CHEMBL1505,ALMOTRIPTAN,DB00918
CHEMBL1508,ESCITALOPRAM,DB01175
CHEMBL1509,DROSPIRENONE,DB01395
CHEMBL1510,ELETRIPTAN,DB00216
CHEMBL1511,ESTRADIOL VALERATE,DB13956
CHEMBL1512,FLUNISOLIDE,DB00180
CHEMBL1513,IRBESARTAN,DB01029
CHEMBL1514,LEVOMETHADYL ACETATE,DB01227
CHEMBL249837,METHACYCLINE,DB00931
CHEMBL1515,METHIMAZOLE,DB00763
CHEMBL1517,OXYTETRACYCLINE,DB00595
CHEMBL1518,PROPYLTHIOURACIL,DB00550
CHEMBL1519,TRANDOLAPRIL,DB00519
CHEMBL1520,VARDENAFIL,DB00862
CHEMBL1521,ZALEPLON,DB00962
CHEMBL1522,ESZOPICLONE,DB00402
CHEMBL248702,DEXFENFLURAMINE,DB01191
CHEMBL1525,PERMETHRIN,DB04930
CHEMBL254316,RALTEGRAVIR,DB06817
CHEMBL254468,FLUCICLOVINE F18,DB13146
CHEMBL404108,LUMIRACOXIB,DB01283
CHEMBL256087,MENTHOL,DB14123
CHEMBL1528,SODIUM FLUORIDE,DB09325
CHEMBL256997,ATALUREN,DB05016
CHEMBL256105,MONENSIN,DB11430
CHEMBL255863,NILOTINIB,DB04868
CHEMBL259209,MILNACIPRAN,DB04896
CHEMBL259571,TAPINAROF,DB06083
CHEMBL1531,ETONOGESTREL,DB00294
CHEMBL1532,QUINETHAZONE,DB01325
CHEMBL1533,DESOGESTREL,DB00304
CHEMBL1534,RIBOFLAVIN,DB00140
CHEMBL1535,HYDROXYCHLOROQUINE,DB01611
CHEMBL1536,ERGOCALCIFEROL,DB00153
CHEMBL1537,AZLOCILLIN,DB01061
CHEMBL1538,TENOFOVIR DISOPROXIL,DB00300
CHEMBL1539,SULFADOXINE,DB01299
CHEMBL1540,PENCICLOVIR,DB00299
CHEMBL1541,CEFIXIME,DB00671
CHEMBL1542,AZATHIOPRINE,DB00993
CHEMBL405110,METHYLENE BLUE ANHYDROUS,DB09241
CHEMBL1544,LIOTHYRONINE,DB00279
CHEMBL408513,BELINOSTAT,DB05015
CHEMBL270190,ALVIMOPAN,DB06274
CHEMBL1546,HYDROXYAMPHETAMINE,DB09352
CHEMBL1547,THIAMINE ION,DB00152
CHEMBL404520,CHLORTETRACYCLINE,DB09093
CHEMBL267495,NALFURAFINE,DB13471
CHEMBL1549,HYDROCORTISONE CYPIONATE,DB14541
CHEMBL1550,PHYTONADIONE,DB01022
CHEMBL429910,DAPAGLIFLOZIN,DB06292
CHEMBL1551,URSODIOL,DB01586
CHEMBL406393,DEOXYCHOLIC ACID,DB03619
CHEMBL272427,TAURURSODIOL,DB08834
CHEMBL1554,DACTINOMYCIN,DB00970
CHEMBL196,ASCORBIC ACID,DB00126
CHEMBL1560,CAPTOPRIL,DB01197
CHEMBL517712,ATROPINE,DB00572
CHEMBL1561,MIGLITOL,DB00491
CHEMBL471737,IVABRADINE,DB09083
CHEMBL501849,SIMEPREVIR,DB06290
CHEMBL455186,TREOSULFAN,DB11678
CHEMBL462547,URETHANE,DB04827
CHEMBL1570,SULFOXONE,DB01145
CHEMBL452231,TENIPOSIDE,DB00444
CHEMBL1571,TESTOLACTONE,DB00894
CHEMBL461522,METAMIZOLE,DB04817
CHEMBL1572,NETILMICIN,DB00955
CHEMBL1574,PHENTERMINE,DB00191
CHEMBL1576,ETHINAMATE,DB01031
CHEMBL1577,METHYCLOTHIAZIDE,DB00232
CHEMBL1580,PENTOSTATIN,DB00552
CHEMBL1581,PERINDOPRIL,DB00790
CHEMBL515914,AZARIBINE,DB19364
CHEMBL1583,BACAMPICILLIN,DB01602
CHEMBL1584,PIPERACETAZINE,DB06808
CHEMBL1585,PIPOBROMAN,DB00236
CHEMBL488093,PYRITINOL,DB13084
CHEMBL1587,POLYTHIAZIDE,DB01324
CHEMBL487253,BENDAMUSTINE,DB06769
CHEMBL1589,ACETOHEXAMIDE,DB00414
CHEMBL1590,PSEUDOEPHEDRINE,DB00852
CHEMBL1591,DEMECLOCYCLINE,DB00618
CHEMBL1592,QUINAPRIL,DB00881
CHEMBL1594,PANTOTHENIC ACID,DB01783
CHEMBL1595,DIHYDROCODEINE,DB01551
CHEMBL462605,PITOLISANT,DB11642
CHEMBL1596,CARBENICILLIN INDANYL,DB09319
CHEMBL1597,DIMERCAPROL,DB06782
CHEMBL1599,CEPHAPIRIN,DB01139
CHEMBL1601,CEFONICID,DB01328
CHEMBL1604,CEPHRADINE,DB01333
CHEMBL1605,CEFTIBUTEN,DB01415
CHEMBL461101,ELTROMBOPAG,DB06210
CHEMBL474579,CEFOTETAN,DB01330
CHEMBL514800,APREMILAST,DB05676
CHEMBL512351,BETRIXABAN,DB12364
CHEMBL515387,GOSOGLIPTIN,DB08382
CHEMBL473417,VISMODEGIB,DB08828
CHEMBL491571,DORIPENEM,DB06211
CHEMBL1614,DESLANOSIDE,DB01078
CHEMBL1617,RIFAXIMIN,DB01220
CHEMBL1619,CLADRIBINE,DB00242
CHEMBL1621,PALIPERIDONE,DB01267
CHEMBL1622,FOLIC ACID,DB00158
CHEMBL524004,MEPENZOLATE,DB04843
CHEMBL1623,MECLIZINE,DB00737
CHEMBL1624,LEVOTHYROXINE,DB00451
CHEMBL500576,TEMOPORFIN,DB11630
CHEMBL1625,OXYBENZONE,DB01428
CHEMBL1626,CLEMASTINE,DB00283
CHEMBL521686,OLAPARIB,DB09074
CHEMBL522038,XIMELAGATRAN,DB04898
CHEMBL467058,LANINAMIVIR OCTANOATE,DB11888
CHEMBL1639,ALISKIREN,DB09026
CHEMBL1641,HYDROCORTISONE PHOSPHORIC ACID,DB14542
CHEMBL451930,PLITIDEPSIN,DB04977
CHEMBL1643,RIBAVIRIN,DB00811
CHEMBL1644,CEFADROXIL,DB01140
CHEMBL494753,ESTRONE SULFURIC ACID,DB04574
CHEMBL1646,INDOCYANINE GREEN,DB16024
CHEMBL1648,ISRADIPINE,DB00270
CHEMBL493982,VORAPAXAR,DB09030
CHEMBL1650,CORTISONE ACETATE,DB01380
CHEMBL503565,VINBARBITAL,DB13377
CHEMBL468837,HEPTABARBITAL,DB01354
CHEMBL477772,PAZOPANIB,DB06589
CHEMBL1652,AMBENONIUM,DB01122
CHEMBL476960,VOGLIBOSE,DB04878
CHEMBL450449,TRABECTEDIN,DB05109
CHEMBL1655,TOREMIFENE,DB00539
CHEMBL1657,TAZAROTENE,DB00799
CHEMBL1658,RETAPAMULIN,DB01256
CHEMBL507870,TELAVANCIN,DB06402
CHEMBL501122,CEFTAROLINE FOSAMIL,DB06590
CHEMBL1660,RIFAPENTINE,DB01201
CHEMBL1661,LACTITOL,DB12942
CHEMBL498847,SECNIDAZOLE,DB12834
CHEMBL1663,PERFLUTREN,DB00556
CHEMBL483254,PANOBINOSTAT,DB06603
CHEMBL1664,FOSAMPRENAVIR,DB01319
CHEMBL457547,MICAFUNGIN,DB01141
CHEMBL459265,HEXAMETHYL PARAROSANILINE,DB00406
CHEMBL1670,MITOTANE,DB00648
CHEMBL518924,MAVORIXAFOR,DB05501
CHEMBL1676,FLUTICASONE FUROATE,DB08906
CHEMBL507674,CEFOPERAZONE,DB01329
CHEMBL1679,LEUCOVORIN,DB00650
CHEMBL1681,IODOHIPPURATE,DB15445
CHEMBL1682,SORBITOL,DB01638
CHEMBL1683,HYDROCORTISONE BUTYRATE,DB14540
CHEMBL1684,BENDROFLUMETHIAZIDE,DB00436
CHEMBL485696,SULFISOMIDINE,DB13283
CHEMBL1685,DEZOCINE,DB01209
CHEMBL515408,MARIBAVIR,DB06234
CHEMBL484785,CRISABOROLE,DB05219
CHEMBL451887,CARFILZOMIB,DB08889
CHEMBL502835,NINTEDANIB,DB09079
CHEMBL1725,IOPROMIDE,DB09156
CHEMBL1726,NISOLDIPINE,DB00401
CHEMBL1727,CEPHALEXIN ANHYDROUS,DB00567
CHEMBL1730,CEFOTAXIME,DB00493
CHEMBL1731,MEZLOCILLIN,DB00948
CHEMBL1732,DIHYDROERGOTAMINE,DB00320
CHEMBL564085,TROLEANDOMYCIN,DB13179
CHEMBL553025,VINORELBINE,DB00361
CHEMBL539697,DABIGATRAN ETEXILATE,DB06695
CHEMBL1734,SOLIFENACIN,DB01591
CHEMBL1736,METRIZOIC ACID,DB09346
CHEMBL557555,CIPROFIBRATE,DB09064
CHEMBL550348,DEFERASIROX,DB01609
CHEMBL1738,DEXRAZOXANE,DB00380
CHEMBL1739,METOCURINE IODIDE,DB00416
CHEMBL1741,CLARITHROMYCIN,DB01211
CHEMBL576982,QUIZARTINIB,DB12874
CHEMBL566534,ARTEMETHER,DB06697
CHEMBL566315,OBETICHOLIC ACID,DB05990
CHEMBL566752,FLORBETABEN F18,DB09148
CHEMBL579205,FLUTEMETAMOL,DB15058
CHEMBL1747,TOBRAMYCIN,DB00684
CHEMBL569713,SCOPOLAMINE,DB00747
CHEMBL571546,TIRBANIBULIN,DB06137
CHEMBL1749,EDETATE DISODIUM ANHYDROUS,DB14600
CHEMBL1750,CLOFARABINE,DB00631
CHEMBL576127,FENSPIRIDE,DB08979
CHEMBL1751,DIGOXIN,DB00390
CHEMBL1752,DYPHYLLINE,DB00651
CHEMBL1753,CLINDAMYCIN,DB01190
CHEMBL1754,DOXAPRAM,DB00561
CHEMBL1755,CONIVAPTAN,DB00872
CHEMBL1756,ESTRAMUSTINE PHOSPHATE,DB14674
CHEMBL1757,FOSFOMYCIN,DB00828
CHEMBL1760,TERBUTALINE,DB00871
CHEMBL1762,TOCAINIDE,DB01056
CHEMBL1763,HYDROFLUMETHIAZIDE,DB00774
CHEMBL1764,LEVOMEPROMAZINE,DB01403
CHEMBL1766,DESOXIMETASONE,DB00547
CHEMBL591665,SODIUM ASCORBATE,DB14482
CHEMBL1771,CLOPIDOGREL,DB00758
CHEMBL1773,CAPECITABINE,DB01101
CHEMBL589586,MONOMETHYL FUMARATE,DB14219
CHEMBL601719,CRIZOTINIB,DB08865
CHEMBL605846,OLODATEROL,DB09080
CHEMBL607710,CHLORPHENESIN CARBAMATE,DB14656
CHEMBL608533,MIDOSTAURIN,DB06595
CHEMBL607400,BRIVARACETAM,DB05541
CHEMBL1079604,METAXALONE,DB00660
CHEMBL1078178,MOMELOTINIB,DB11763
CHEMBL1077896,ROPIVACAINE,DB00296
CHEMBL1089221,BENDAZAC,DB13501
CHEMBL1089318,OPICAPONE,DB11632
CHEMBL1089641,TRYPAN BLUE FREE ACID,DB09158
CHEMBL1091250,INDIGOTINDISULFONATE,DB11577
CHEMBL1096562,METHYL AMINOLEVULINATE,DB00992
CHEMBL1094966,PIRBUTEROL,DB01291
CHEMBL1096885,VALRUBICIN,DB00385
CHEMBL1094636,NIRAPARIB,DB11793
CHEMBL1098319,2-MERCAPTOETHANESULFONIC ACID,DB09110
CHEMBL1095777,INDACATEROL,DB05039
CHEMBL1095097,EPLERENONE,DB00700
CHEMBL1098659,WATER,DB09145
CHEMBL1096146,PONESIMOD,DB12016
CHEMBL1083659,SUVOREXANT,DB09034
CHEMBL1086440,TRICLABENDAZOLE,DB12245
CHEMBL1082407,ENZALUTAMIDE,DB08899
CHEMBL1159650,CLOBETASOL PROPIONATE,DB01013
CHEMBL1161681,NITROUS ACID,DB09112
CHEMBL1165342,VINCAMINE,DB13374
CHEMBL1165268,IODIPAMIDE,DB04711
CHEMBL1164729,FEBUXOSTAT,DB04854
CHEMBL1171837,PONATINIB,DB08901
CHEMBL1173655,AFATINIB,DB08916
CHEMBL1173055,RUCAPARIB,DB12332
CHEMBL1179047,CHLOROPROCAINE,DB01161
CHEMBL1180725,PROPANTHELINE,DB00782
CHEMBL1182833,MIVACURIUM,DB01226
CHEMBL1183349,ISAVUCONAZONIUM,DB06636
CHEMBL1183717,ALMITRINE,DB01430
CHEMBL1184360,DIAMTHAZOLE,DB13858
CHEMBL1185568,DITHIAZANINE,DB11516
CHEMBL1187833,UMECLIDINIUM,DB09076
CHEMBL1189432,OLOPATADINE,DB00768
CHEMBL1189679,PALONOSETRON,DB00377
CHEMBL1194325,ACLIDINIUM,DB08897
CHEMBL1194666,DIETHYLPROPION,DB00937
CHEMBL1198857,VILANTEROL,DB09082
CHEMBL1199080,BRETYLIUM,DB01158
CHEMBL1199324,FOSAPREPITANT,DB06717
CHEMBL1200335,TESTOSTERONE ENANTHATE,DB13944
CHEMBL1200342,PARAMETHASONE ACETATE,DB14657
CHEMBL1200354,SODIUM TETRADECYL SULFATE,DB00464
CHEMBL1200356,CYCLACILLIN,DB01000
CHEMBL1200359,SULFAMETER,DB06821
CHEMBL1200368,BENTIROMIDE,DB00522
CHEMBL1200370,BENZOYL PEROXIDE,DB09096
CHEMBL1200374,EXEMESTANE,DB00990
CHEMBL1200375,EDETATE CALCIUM DISODIUM ANHYDROUS,DB14598
CHEMBL1200386,PREDNICARBATE,DB01130
CHEMBL1200391,TROMETHAMINE,DB03754
CHEMBL1200406,DIMENHYDRINATE,DB00985
CHEMBL1200412,NANDROLONE PHENPROPIONATE,DB00984
CHEMBL1200430,ESTRADIOL ACETATE,DB13952
CHEMBL1200434,OXTRIPHYLLINE,DB01303
CHEMBL1200436,OXANDROLONE,DB00621
CHEMBL1200438,TIOCONAZOLE,DB01007
CHEMBL1200439,IODOHIPPURATE SODIUM I 123,DB09448
CHEMBL1200453,DOCOSANOL,DB00632
CHEMBL1200455,IOHEXOL,DB01362
CHEMBL1200458,POTASSIUM CITRATE ANHYDROUS,DB09125
CHEMBL1200459,"POTASSIUM PHOSPHATE, DIBASIC",DB09414
CHEMBL1200468,MALATHION,DB00772
CHEMBL1200472,QUAZEPAM,DB01589
CHEMBL1200490,CETRORELIX,DB00050
CHEMBL1200500,BECLOMETHASONE DIPROPIONATE,DB00394
CHEMBL1200507,IODIXANOL,DB01249
CHEMBL1200515,DESERPIDINE,DB01089
CHEMBL1200522,AVOBENZONE,DB09495
CHEMBL1200527,ATRACURIUM BESYLATE,DB00732
CHEMBL1200539,CALCIUM CARBONATE,DB06724
CHEMBL1200542,DESOXYCORTICOSTERONE ACETATE,DB06780
CHEMBL1200555,IOTROLAN,DB09487
CHEMBL1200558,BACITRACIN,DB00626
CHEMBL1200559,LACTIC ACID,DB04398
CHEMBL1200562,HYDROCORTISONE VALERATE,DB14544
CHEMBL1200570,MEGLUMINE,DB09415
CHEMBL1200574,SODIUM CHLORIDE,DB09153
CHEMBL1200585,OXYMETHOLONE,DB06412
CHEMBL1200592,DESOXYCORTICOSTERONE PIVALATE,DB01134
CHEMBL1200596,CHLOROXINE,DB01243
CHEMBL1200600,FLUOROMETHOLONE,DB00324
CHEMBL1200604,TROPICAMIDE,DB00809
CHEMBL1200607,PERFLEXANE,DB09531
CHEMBL1200614,IOVERSOL,DB09134
CHEMBL1200617,RIMEXOLONE,DB00896
CHEMBL1200622,PARICALCITOL,DB00910
CHEMBL1200623,ETHYLESTRENOL,DB01493
CHEMBL1200624,ETHYNODIOL DIACETATE,DB00823
CHEMBL1200625,STRONTIUM CHLORIDE SR 89,DB09498
CHEMBL1200627,PROPIOLACTONE,DB09348
CHEMBL1200649,QUINUPRISTIN,DB01369
CHEMBL1200656,NATAMYCIN,DB00826
CHEMBL1200660,ISOSORBIDE,DB09401
CHEMBL1200664,POTASSIUM LACTATE,DB09483
CHEMBL1200666,CALCIPOTRIENE,DB02300
CHEMBL1200668,CALCIUM CHLORIDE,DB01164
CHEMBL1200673,XENON XE 127,DB09461
CHEMBL1200679,ZINC CHLORIDE,DB14533
CHEMBL1200680,SELENIUM SULFIDE,DB00971
CHEMBL1200682,SODIUM OXYBATE,DB09072
CHEMBL1200685,XENON XE 133,DB09315
CHEMBL1200686,PIMECROLIMUS,DB00337
CHEMBL1200689,NITRIC OXIDE,DB00435
CHEMBL1200690,LYPRESSIN,DB14642
CHEMBL1200691,MAGNESIUM ACETATE,DB13996
CHEMBL1200694,SEVOFLURANE,DB01236
CHEMBL1200696,POTASSIUM PERCHLORATE,DB09418
CHEMBL1200706,ALUMINUM HYDROXIDE,DB06723
CHEMBL1200712,EVANS BLUE,DB09361
CHEMBL1200714,CHLORMEZANONE,DB01178
CHEMBL1200718,MAGNESIUM HYDROXIDE,DB09104
CHEMBL1200731,POTASSIUM CHLORIDE,DB00761
CHEMBL1200732,AMCINONIDE,DB00288
CHEMBL1200733,DESFLURANE,DB01189
CHEMBL1200736,MAGNESIUM CARBONATE,DB09481
CHEMBL1200737,COLFOSCERIL PALMITATE,DB09114
CHEMBL1200747,AMMONIUM LACTATE,DB06768
CHEMBL1200761,CHLOROTRIANISENE,DB00269
CHEMBL1200763,IODOHIPPURATE SODIUM I 131,DB09382
CHEMBL1200770,IOCETAMIC ACID,DB09403
CHEMBL1200774,FLUPREDNISOLONE,DB09378
CHEMBL1200790,METHYPRYLON,DB01107
CHEMBL1200799,TRAVOPROST,DB00287
CHEMBL1200800,CALCIUM ACETATE,DB00258
CHEMBL1200802,TALBUTAL,DB00306
CHEMBL1200810,DOXERCALCIFEROL,DB06410
CHEMBL1200821,PROPYLIODONE,DB09366
CHEMBL1200826,LITHIUM CARBONATE,DB14509
CHEMBL1200829,GLUCONOLACTONE,DB04564
CHEMBL1200845,HALCINONIDE,DB06786
CHEMBL1200848,HYDROXYPROGESTERONE CAPROATE,DB06789
CHEMBL1200853,DYDROGESTERONE,DB00378
CHEMBL1200862,METYROSINE,DB00765
CHEMBL1200865,LOTEPREDNOL ETABONATE,DB14596
CHEMBL1200866,PERFLUBRON,DB05791
CHEMBL1200868,PHENYL AMINOSALICYLATE,DB06807
CHEMBL1200896,DINOPROST TROMETHAMINE,DB01160
CHEMBL1200907,TRILOSTANE,DB01108
CHEMBL1200909,PREDNISOLONE TEBUTATE,DB14632
CHEMBL1200910,SULFISOXAZOLE ACETYL,DB14033
CHEMBL1200922,MEBUTAMATE,DB06797
CHEMBL1200925,"POTASSIUM PHOSPHATE, MONOBASIC",DB09413
CHEMBL1200927,DEXCHLORPHENIRAMINE MALEATE,DB09555
CHEMBL1200928,ZINC ACETATE ANHYDROUS,DB14487
CHEMBL1200929,ZINC SULFATE,DB09322
CHEMBL1200932,IOPAMIDOL,DB08947
CHEMBL1200934,NORGESTIMATE,DB00957
CHEMBL1200937,DALFOPRISTIN,DB01764
CHEMBL1200939,AMMONIUM CHLORIDE,DB06767
CHEMBL1200946,NANDROLONE DECANOATE,DB08804
CHEMBL1200953,HYDROCORTISONE PROBUTATE,DB14543
CHEMBL1200959,METHDILAZINE,DB00902
CHEMBL1200963,BIMATOPROST,DB00905
CHEMBL1200969,DUTASTERIDE,DB01126
CHEMBL1200971,CEPHALOGLYCIN,DB00689
CHEMBL1200973,ESTRADIOL CYPIONATE,DB13954
CHEMBL1200979,DEXPANTHENOL,DB09357
CHEMBL1200993,GALLAMINE TRIETHIODIDE,DB00483
CHEMBL1201012,FLURANDRENOLIDE,DB00846
CHEMBL1201015,ALUMINUM ACETATE,DB14518
CHEMBL1201039,BENZTHIAZIDE,DB00562
CHEMBL1201046,CEFORANIDE,DB00923
CHEMBL1201048,DROMOSTANOLONE PROPIONATE,DB14655
CHEMBL1201054,SELENOMETHIONINE SE 75,DB09400
CHEMBL1201056,SULFACYTINE,DB01298
CHEMBL1201058,POTASSIUM ACETATE,DB14498
CHEMBL1201073,SUCCIMER,DB00566
CHEMBL1201075,IOXILAN,DB09135
CHEMBL1201087,CABERGOLINE,DB00248
CHEMBL1201096,KRYPTON KR 81M,DB09443
CHEMBL1201101,TESTOSTERONE CYPIONATE,DB13943
CHEMBL1201109,DESONIDE,DB01260
CHEMBL1201112,NELARABINE,DB01280
CHEMBL1201116,HETACILLIN,DB00739
CHEMBL1201117,METHOCARBAMOL,DB00423
CHEMBL1201129,DECITABINE,DB01262
CHEMBL1201131,PIPERONYL BUTOXIDE,DB09350
CHEMBL1201134,LUBIPROSTONE,DB01046
CHEMBL1201139,MEGESTROL ACETATE,DB00351
CHEMBL1201147,OCTOCRYLENE,DB09535
CHEMBL1201148,MEPREDNISONE,DB09383
CHEMBL1201151,MESTRANOL,DB01357
CHEMBL1201165,QUINESTROL,DB04575
CHEMBL1201168,ISOCARBOXAZID,DB01247
CHEMBL1201170,LITHIUM CITRATE ANHYDROUS,DB14507
CHEMBL1201173,MEDRYSONE,DB00253
CHEMBL1201182,TEMSIROLIMUS,DB06287
CHEMBL1201189,AMMONIA N 13,DB09326
CHEMBL1201191,LEVOCETIRIZINE,DB06282
CHEMBL1201192,ARMODAFINIL,DB06413
CHEMBL1201193,LEVOBUPIVACAINE,DB01002
CHEMBL1201195,CEFMETAZOLE,DB00274
CHEMBL1201196,SERTACONAZOLE,DB01153
CHEMBL1201197,ALATROFLOXACIN,DB09335
CHEMBL1201198,PEMIROLAST,DB00885
CHEMBL1201201,METHAMPHETAMINE,DB01577
CHEMBL1201202,FONDAPARINUX,DB00569
CHEMBL1201203,BENZTROPINE,DB00245
CHEMBL1201204,CEFPIRAMIDE,DB00430
CHEMBL1201206,PIPECURONIUM,DB01338
CHEMBL1201207,BETAMETHASONE PHOSPHORIC ACID,DB14669
CHEMBL1201208,PHENMETRAZINE,DB00830
CHEMBL1201210,PROPIOMAZINE,DB00777
CHEMBL1201212,MIDODRINE,DB00211
CHEMBL1201213,ISOETHARINE,DB00221
CHEMBL1201216,DAPIPRAZOLE,DB00298
CHEMBL1201217,DYCLONINE,DB00645
CHEMBL1201218,CEFAMANDOLE NAFATE FREE BASE,DB14725
CHEMBL1201219,VECURONIUM,DB01339
CHEMBL1201220,DIATRIZOIC ACID,DB00271
CHEMBL1201222,LISDEXAMFETAMINE,DB01255
CHEMBL1201224,CEFMENOXIME,DB00267
CHEMBL1201227,CYCRIMINE,DB00942
CHEMBL1201229,DEMECARIUM,DB00944
CHEMBL1201231,PREDNISOLONE PHOSPHORIC ACID,DB14631
CHEMBL1201232,ISOPROPAMIDE,DB01625
CHEMBL1201234,MEPHENTERMINE,DB01365
CHEMBL1201236,CARBIDOPA ANHYDROUS,DB00190
CHEMBL1201237,LEVOBUNOLOL,DB01210
CHEMBL1201239,IODAMIDE,DB08948
CHEMBL1201242,INDECAINIDE,DB00192
CHEMBL1201244,ROCURONIUM,DB00728
CHEMBL1201245,BROMODIPHENHYDRAMINE,DB01237
CHEMBL1201247,GOSERELIN,DB00014
CHEMBL1201248,CISATRACURIUM,DB00565
CHEMBL1201250,BENZQUINAMIDE,DB00767
CHEMBL1201251,ARBUTAMINE,DB01102
CHEMBL1201256,TRIMETHOBENZAMIDE,DB00662
CHEMBL1201260,BETHANIDINE,DB00217
CHEMBL1201261,TYROPANOIC ACID,DB09340
CHEMBL1201262,DIPIVEFRIN,DB00449
CHEMBL1201263,HYDROCORTAMATE,DB00769
CHEMBL1201264,METHANTHELINE,DB00940
CHEMBL1201265,METHYLPREDNISOLONE HEMISUCCINATE,DB14644
CHEMBL1201266,LODOXAMIDE,DB06794
CHEMBL1201269,CHLORPHENTERMINE,DB01556
CHEMBL1201270,METHENAMINE,DB06799
CHEMBL1201271,BUCLIZINE,DB00354
CHEMBL1201273,PROTOKYLOL,DB06814
CHEMBL1201274,LEVOBETAXOLOL,DB09351
CHEMBL1201281,CHLORAMPHENICOL SUCCINIC ACID,DB07565
CHEMBL1201284,CINACALCET,DB01012
CHEMBL1201286,OXYPHENONIUM,DB00219
CHEMBL1201287,DEXBROMPHENIRAMINE,DB00405
CHEMBL1201288,DANTROLENE,DB01219
CHEMBL1201291,IOXAGLIC ACID,DB09313
CHEMBL1201293,ACAMPROSATE,DB00659
CHEMBL1201294,DIPHENOXYLATE,DB01081
CHEMBL1201295,BITOLTEROL,DB00901
CHEMBL1201300,IOTHALAMIC ACID,DB09133
CHEMBL1201303,PYRVINIUM,DB06816
CHEMBL1201304,INDOCYANINE GREEN ACID FORM,DB09374
CHEMBL1201313,CHLOPHEDIANOL,DB04837
CHEMBL1201314,VALGANCICLOVIR,DB01610
CHEMBL1201317,TRICLOFOS,DB06753
CHEMBL1201319,METARAMINOL,DB00610
CHEMBL1201320,ESOMEPRAZOLE,DB00736
CHEMBL1201321,DIFENOXIN,DB01501
CHEMBL1201322,THONZONIUM,DB09552
CHEMBL1201323,BETAZOLE,DB00272
CHEMBL1201325,HEXOCYCLIUM,DB06787
CHEMBL1201327,ACETRIZOIC ACID,DB09347
CHEMBL1201328,CARPHENAZINE,DB01038
CHEMBL1201329,TRIMETHAPHAN,DB01116
CHEMBL1201334,TRIPTORELIN,DB06825
CHEMBL1201335,GLYCOPYRRONIUM,DB00986
CHEMBL1201336,FOSPHENYTOIN,DB01320
CHEMBL1201338,CYCLOPENTOLATE,DB00979
CHEMBL1201340,DIPHEMANIL,DB13720
CHEMBL1201341,ECHOTHIOPHATE,DB01057
CHEMBL1201342,METHIXENE,DB00340
CHEMBL1201345,TETRADECYL SULFURIC ACID,DB11328
CHEMBL1201346,BALSALAZIDE,DB01014
CHEMBL1201347,ANILERIDINE,DB00913
CHEMBL1201348,MENADIOL DIPHOSPHORIC ACID,DB14650
CHEMBL1201349,HEXAFLUORENIUM,DB00941
CHEMBL1201352,RAPACURONIUM,DB04834
CHEMBL1201353,DEXCHLORPHENIRAMINE,DB13679
CHEMBL1201354,TRIDIHEXETHYL,DB00505
CHEMBL1201355,CERULETIDE,DB00403
CHEMBL1201356,METHYLERGONOVINE,DB00353
CHEMBL1201746,PRALATREXATE,DB06813
CHEMBL1201747,ALCAFTADINE,DB06766
CHEMBL1201748,CABAZITAXEL,DB06772
CHEMBL1201749,DIFLUPREDNATE,DB06781
CHEMBL1201752,IXABEPILONE,DB04845
CHEMBL1201753,PITAVASTATIN,DB08860
CHEMBL1201754,RUFINAMIDE,DB06201
CHEMBL1201760,BESIFLOXACIN,DB06771
CHEMBL1201764,FESOTERODINE,DB06702
CHEMBL1201766,FOSPROPOFOL,DB06716
CHEMBL1201772,PRASUGREL,DB06209
CHEMBL1201774,SAPROPTERIN,DB00360
CHEMBL1201776,TAPENTADOL,DB06204
CHEMBL1201780,CARGLUMIC ACID,DB06775
CHEMBL1201784,HEXAMINOLEVULINATE,DB06261
CHEMBL1201786,LAPYRIUM,DB09376
CHEMBL1201794,RIBOFLAVIN 5'-PHOSPHATE,DB03247
CHEMBL1201863,DEXLANSOPRAZOLE,DB05351
CHEMBL1201864,DIENOGEST,DB09123
CHEMBL1201891,DEFLAZACORT,DB11921
CHEMBL1206690,PARECOXIB,DB08439
CHEMBL1208155,ELAGOLIX,DB11979
CHEMBL1208422,ROSE BENGAL FREE ACID,DB11182
CHEMBL1208642,THIOSULFURIC ACID,DB09499
CHEMBL1213252,CLORAZEPIC ACID,DB00628
CHEMBL1213351,PROPOXYPHENE,DB00647
CHEMBL1213492,GIVINOSTAT,DB12645
CHEMBL1214124,PERAMPANEL,DB08883
CHEMBL1229211,DOLUTEGRAVIR,DB08930
CHEMBL1229517,VEMURAFENIB,DB08881
CHEMBL1230314,ESTETROL ANHYDROUS,DB12235
CHEMBL1231574,LEVOMEFOLIC ACID,DB11256
CHEMBL1234886,OXYGEN,DB09140
CHEMBL1235452,SULFUR,DB09353
CHEMBL1236315,TARTARIC ACID,DB09459
CHEMBL1236802,XENON,DB13453
CHEMBL1236821,XYLOSE,DB09419
CHEMBL1237021,LURASIDONE,DB08815
CHEMBL1237044,TRAMADOL,DB00193
CHEMBL1237066,CALCIUM GLUCEPTATE,DB00326
CHEMBL1237072,DIRITHROMYCIN,DB00954
CHEMBL1237105,CARBOPROST TROMETHAMINE,DB00429
CHEMBL1237119,TREPROSTINIL,DB00374
CHEMBL1237122,CARBOPROST,DB19356
CHEMBL1237123,DOXACURIUM,DB01135
CHEMBL1237132,CLEVIDIPINE,DB04920
CHEMBL1241951,LETERMOVIR,DB12070
CHEMBL1254682,LEVALLORPHAN,DB00504
CHEMBL1255800,FIDAXOMICIN,DB08874
CHEMBL1256391,PIRFENIDONE,DB04951
CHEMBL1256786,FORMOTEROL,DB00983
CHEMBL1256841,NIALAMIDE,DB04820
CHEMBL1257073,TECOVIRIMAT,DB12020
CHEMBL1259059,SOFOSBUVIR,DB08934
CHEMBL1269025,EDOXABAN,DB09075
CHEMBL1276308,MIFEPRISTONE,DB00834
CHEMBL1287853,FEDRATINIB,DB12500
CHEMBL1289494,TIVOZANIB,DB11800
CHEMBL1289601,LENVATINIB,DB09078
CHEMBL1289926,AXITINIB,DB06626
CHEMBL1322884,PHENOTHRIN,DB13717
CHEMBL1330792,ACETARSONE,DB13268
CHEMBL1354199,METHSCOPOLAMINE BROMIDE,DB00462
CHEMBL1356238,PYRITHIONE,DB06815
CHEMBL1370561,AMINOPHYLLINE,DB01223
CHEMBL1374379,BENZONATATE,DB00868
CHEMBL1382627,"SULFADIAZINE, SILVER",DB05245
CHEMBL1402684,OXYPHENISATIN ACETATE,DB14627
CHEMBL1411979,METHAPYRILENE,DB04819
CHEMBL1414320,SUXIBUZONE,DB13232
CHEMBL1418176,METHANDROSTENOLONE,DB13586
CHEMBL1442422,DIBENZEPIN,DB13225
CHEMBL1452696,FEPRAZONE,DB13364
CHEMBL1454910,NITROXOLINE,DB01422
CHEMBL1463345,CANRENONE,DB12221
CHEMBL1474889,CLOBUTINOL,DB09004
CHEMBL1500276,OXELADIN,DB04822
CHEMBL1515611,BROMISOVALUM,DB13370
CHEMBL1524273,PHTHALYLSULFATHIAZOLE,DB13248
CHEMBL1530428,DEXAMETHASONE ACETATE,DB14649
CHEMBL1568698,GANAXOLONE,DB05087
CHEMBL1614701,SELUMETINIB,DB11689
CHEMBL1615438,LEVOCABASTINE,DB01106
CHEMBL1615439,PHENDIMETRAZINE,DB01579
CHEMBL1615487,IODOXAMIC ACID,DB13539
CHEMBL1621597,IPRATROPIUM,DB00332
CHEMBL1628227,DOXEPIN,DB01142
CHEMBL1628385,PROCAINE BENZYLPENICILLIN,DB09320
CHEMBL1628502,GABAPENTIN ENACARBIL,DB08872
CHEMBL1630575,CASPOFUNGIN,DB00520
CHEMBL1631694,FEXINIDAZOLE,DB12265
CHEMBL1643895,RAMOSETRON,DB09290
CHEMBL1644029,POTASSIUM NITRATE,DB11090
CHEMBL1644695,SODIUM IODIDE,DB11119
CHEMBL1650443,TRELAGLIPTIN,DB15323
CHEMBL1650559,PLAZOMICIN,DB12615
CHEMBL1683590,ERIBULIN,DB08871
CHEMBL1688530,ORITAVANCIN,DB04911
CHEMBL1689063,AVIBACTAM,DB09060
CHEMBL1689772,OMADACYCLINE,DB12455
CHEMBL1697760,MUZOLIMINE,DB13801
CHEMBL1697856,BUCETIN,DB13278
CHEMBL1738797,ALECTINIB,DB11363
CHEMBL1738990,LEVOPROPOXYPHENE,DB06793
CHEMBL1741134,PICOSULFURIC ACID,DB09268
CHEMBL1742466,LANDIOLOL,DB12212
CHEMBL1770248,ERTUGLIFLOZIN,DB11827
CHEMBL1770916,NIROGACESTAT,DB12005
CHEMBL1774461,FLORBETAPIR F 18,DB09149
CHEMBL1779710,EVOGLIPTIN,DB12625
CHEMBL1788385,TILBROQUINOL,DB13222
CHEMBL1788386,TETRAMETHRIN,DB13752
CHEMBL1789941,RUXOLITINIB,DB08877
CHEMBL1790041,RANITIDINE,DB00863
CHEMBL1796997,HELIUM,DB09155
CHEMBL1796998,SULFUR HEXAFLUORIDE,DB11104
CHEMBL1800159,RELUGOLIX,DB11853
CHEMBL1808388,BEXAGLIFLOZIN,DB12236
CHEMBL1852688,INFIGRATINIB,DB11886
CHEMBL1865134,DIBUNIC ACID,DB13796
CHEMBL1873475,IBRUTINIB,DB09053
CHEMBL1874750,CINEPAZIDE,DB12123
CHEMBL1888176,TROSPIUM,DB00209
CHEMBL1899801,PERFLENAPENT,DB11625
CHEMBL1900528,TIOTROPIUM,DB01409
CHEMBL1908307,FLOSEQUINAN,DB13228
CHEMBL1908359,SODIUM MONOFLUOROPHOSPHATE,DB09484
CHEMBL1908360,EVEROLIMUS,DB01590
CHEMBL1908370,FINAFLOXACIN,DB09047
CHEMBL1908841,LEVOLEUCOVORIN,DB11596
CHEMBL1908847,SPARTEINE,DB06727
CHEMBL1908917,FLUCICLOVINE,DB15237
CHEMBL1909283,MEBANAZINE,DB09248
CHEMBL1909286,PHENOXYPROPAZINE,DB09251
CHEMBL1929396,ANAGLIPTIN,DB12417
CHEMBL1946170,REGORAFENIB,DB08896
CHEMBL1950576,DIHYDROSTREPTOMYCIN,DB11512
CHEMBL1951095,ERAVACYCLINE,DB12329
CHEMBL1963681,AVANAFIL,DB06237
CHEMBL1963683,TAFLUPROST,DB08819
CHEMBL1977579,STREPTOZOCIN,DB00428
CHEMBL1983268,ENTRECTINIB,DB11986
CHEMBL1983350,STIRIPENTOL,DB09118
CHEMBL2005186,BELUMOSUDIL,DB16703
CHEMBL2009089,SELENIOUS ACID,DB11127
CHEMBL2010601,IVACAFTOR,DB08820
CHEMBL2018096,IPRAGLIFLOZIN,DB11698
CHEMBL2021423,MAGNESIUM SULFATE ANHYDROUS,DB00653
CHEMBL2021424,POTASSIUM SULFATE,DB14499
CHEMBL2023898,DACLATASVIR,DB09102
CHEMBL2028019,CARIPRAZINE,DB06016
CHEMBL2028661,AZILSARTAN MEDOXOMIL,DB08822
CHEMBL2028663,DABRAFENIB,DB08912
CHEMBL2035187,PACRITINIB,DB11697
CHEMBL2040682,CICLESONIDE,DB01410
CHEMBL2042122,FLUTEMETAMOL F 18,DB09151
CHEMBL2043437,GLASDEGIB,DB11978
CHEMBL2048028,LIFITEGRAST,DB11611
CHEMBL2048484,CANAGLIFLOZIN ANHYDROUS,DB08907
CHEMBL2063090,GRAZOPREVIR ANHYDROUS,DB11575
CHEMBL2079130,VONOPRAZAN,DB11739
CHEMBL2079587,STANOZOLOL,DB06718
CHEMBL2095207,CHOLINE C-11,DB09277
CHEMBL2095208,COBICISTAT,DB09065
CHEMBL2095209,ICOSAPENT ETHYL,DB08887
CHEMBL2095212,MIRABEGRON,DB08893
CHEMBL2096633,MAGNESIUM TRISILICATE,DB09281
CHEMBL2096635,UREA C 14,DB09513
CHEMBL2096648,UREA C 13,DB09510
CHEMBL2103758,PRAMLINTIDE,DB01278
CHEMBL2103784,COSYNTROPIN,DB01284
CHEMBL2103822,TASIMELTEON,DB09071
CHEMBL2103827,DROXIDOPA,DB06262
CHEMBL2103830,FOSTAMATINIB,DB12010
CHEMBL2103837,TAFAMIDIS,DB11644
CHEMBL2103867,PLECANATIDE,DB13170
CHEMBL2103870,LUMACAFTOR,DB09280
CHEMBL2103872,CEFTOLOZANE,DB09050
CHEMBL2103873,MACITENTAN,DB08932
CHEMBL2103875,TRAMETINIB,DB08911
CHEMBL2103877,EFINACONAZOLE,DB09040
CHEMBL2103883,AVATROMBOPAG,DB11995
CHEMBL2104415,MOXIDECTIN,DB11431
CHEMBL2104910,SULFADICRAMIDE,DB13214
CHEMBL2104993,VORTIOXETINE,DB09068
CHEMBL2105224,PHOLCODINE,DB09209
CHEMBL2105233,PROXIBARBAL,DB13253
CHEMBL2105248,POTASSIUM BITARTRATE,DB11107
CHEMBL2105275,PROPYLHEXEDRINE,DB06714
CHEMBL2105345,PROPANIDID,DB13234
CHEMBL2105395,OSPEMIFENE,DB04938
CHEMBL2105420,TAUROLIDINE,DB12473
CHEMBL2105458,THENALIDINE,DB04826
CHEMBL2105497,ZIPEPROL,DB13564
CHEMBL2105527,TETRAZEPAM,DB13324
CHEMBL2105566,FENPROPOREX,DB01550
CHEMBL2105581,VERALIPRIDE,DB13523
CHEMBL2105637,DELAFLOXACIN,DB11943
CHEMBL2105648,PALOVAROTENE,DB05467
CHEMBL2105669,TEDIZOLID PHOSPHATE,DB09042
CHEMBL2105689,LULICONAZOLE,DB08933
CHEMBL2105695,TELOTRISTAT ETHYL,DB12095
CHEMBL2105717,CABOZANTINIB,DB08875
CHEMBL2105720,LESINURAD,DB11560
CHEMBL2105735,ASUNAPREVIR,DB11586
CHEMBL2105737,SONIDEGIB,DB09143
CHEMBL2105745,GLYCEROL PHENYLBUTYRATE,DB08909
CHEMBL2105755,NALDEMEDINE,DB11691
CHEMBL2105759,BARICITINIB,DB11817
CHEMBL2105760,BREXPIPRAZOLE,DB09128
CHEMBL2105762,OMARIGLIPTIN,DB11992
CHEMBL2105897,BARIUM SULFATE,DB11150
CHEMBL2106119,CALCIUM GLUCONATE,DB11126
CHEMBL2106794,NAFTAZONE,DB13680
CHEMBL2107067,TESTOSTERONE UNDECANOATE,DB13946
CHEMBL2107214,IOMEPROL,DB11705
CHEMBL2107239,IOXITALAMIC ACID,DB13444
CHEMBL2107333,DIMETHYL FUMARATE,DB08908
CHEMBL2107381,URIDINE TRIACETATE,DB09144
CHEMBL2107431,LYNESTRENOL,DB12474
CHEMBL2107525,SODIUM PHOSPHATE P 32,DB09370
CHEMBL2107799,FLURPIRIDAZ F 18,DB18773
CHEMBL2107816,RADIUM RA 223 DICHLORIDE,DB08913
CHEMBL2107825,TENOFOVIR ALAFENAMIDE,DB09299
CHEMBL2107826,VIBEGRON,DB14895
CHEMBL2107830,EMPAGLIFLOZIN,DB09038
CHEMBL2107831,LUSUTROMBOPAG,DB13125
CHEMBL2107834,RIOCIGUAT,DB08931
CHEMBL2110588,ELIGLUSTAT,DB09039
CHEMBL2110636,BUNAMIODYL,DB04814
CHEMBL2110725,VINFLUNINE,DB11641
CHEMBL2110731,TOFOGLIFLOZIN ANHYDROUS,DB11824
CHEMBL2110732,DACOMITINIB ANHYDROUS,DB11963
CHEMBL2110962,MEFENOREX,DB13852
CHEMBL2110978,METHIODAL,DB13321
CHEMBL2111097,LEVAMLODIPINE,DB09237
CHEMBL2111101,PIMAVANSERIN,DB05316
CHEMBL2111112,VERNAKALANT,DB06217
CHEMBL2111186,TALAPORFIN,DB11812
CHEMBL2146883,COBIMETINIB,DB05239
CHEMBL2147777,TENELIGLIPTIN,DB11950
CHEMBL2159122,ELUXADOLINE,DB09272
CHEMBL2165326,APROCITENTAN,DB15059
CHEMBL2178422,RIMEGEPANT,DB12457
CHEMBL2181927,FINERENONE,DB16165
CHEMBL2205807,ABAMETAPIR,DB11932
CHEMBL2216870,IDELALISIB,DB09054
CHEMBL2219418,NALOXEGOL,DB09049
CHEMBL2219425,ARIPIPRAZOLE LAUROXIL,DB14185
CHEMBL2219640,STRONTIUM CHLORIDE,DB13987
CHEMBL2219642,MAGNESIUM CHLORIDE ANHYDROUS,DB09407
CHEMBL2220442,FLUVASTATIN,DB01095
CHEMBL2325741,CAPIVASERTIB,DB12218
CHEMBL2336071,SIPONIMOD,DB12371
CHEMBL2338329,ROXADUSTAT,DB04847
CHEMBL2338675,FOSDENOPTERIN,DB16628
CHEMBL2348780,VAMOROLONE,DB15114
CHEMBL2355051,CLOMIPHENE,DB00882
CHEMBL2364608,DORAVIRINE,DB12301
CHEMBL2364612,LATANOPROSTENE BUNOD,DB11660
CHEMBL2364632,SARECYCLINE,DB12035
CHEMBL2364638,UBROGEPANT,DB15328
CHEMBL2364639,VALBENAZINE,DB11915
CHEMBL2368925,DOLASETRON,DB00757
CHEMBL2374220,LEDIPASVIR,DB09027
CHEMBL2396661,ALPELISIB,DB12015
CHEMBL2397415,ZAVEGEPANT,DB15688
CHEMBL2403108,CERITINIB,DB09063
CHEMBL2403238,CABOTEGRAVIR,DB11751
CHEMBL2443262,OLICERIDINE,DB14881
CHEMBL3039502,DUVELISIB,DB11952
CHEMBL3039507,SOTAGLIFLOZIN,DB12713
CHEMBL3039514,ELBASVIR,DB11574
CHEMBL3039520,LASMIDITAN,DB11732
CHEMBL3085436,VIOMYCIN,DB06827
CHEMBL3099695,OSILODROSTAT,DB11837
CHEMBL3112741,RELEBACTAM ANHYDROUS,DB12377
CHEMBL3127326,OMBITASVIR,DB09296
CHEMBL3137301,SACUBITRIL,DB09292
CHEMBL3137309,VENETOCLAX,DB11581
CHEMBL3137312,DASABUVIR,DB09183
CHEMBL3137320,TALAZOPARIB,DB11760
CHEMBL3137321,BENZHYDROCODONE,DB15465
CHEMBL3182320,TROXERUTIN,DB13124
CHEMBL3183075,NIZATIDINE,DB00585
CHEMBL3183409,APALUTAMIDE,DB11901
CHEMBL3187365,ASENAPINE,DB06216
CHEMBL3187723,BINIMETINIB,DB11967
CHEMBL3188267,CAPMATINIB,DB11791
CHEMBL3218576,COPANLISIB,DB12483
CHEMBL3237547,CEDAZURIDINE,DB15694
CHEMBL3261331,RESMETIROM,DB12914
CHEMBL3286830,LORLATINIB,DB12130
CHEMBL3301594,FOSTEMSAVIR,DB11796
CHEMBL3301607,FILGOTINIB,DB14845
CHEMBL3301610,ABEMACICLIB,DB12001
CHEMBL3301612,ENCORAFENIB,DB11718
CHEMBL3301622,GILTERITINIB,DB12141
CHEMBL3301624,SETMELANOTIDE,DB11700
CHEMBL3301675,LINACLOTIDE,DB08890
CHEMBL3304485,TENAPANOR,DB11761
CHEMBL3306803,LUMATEPERONE,DB06077
CHEMBL3311228,OTESECONAZOLE,DB13055
CHEMBL3317857,VABORBACTAM,DB12107
CHEMBL3348923,TOVORAFENIB,DB15266
CHEMBL3349607,PASIREOTIDE,DB06663
CHEMBL3353410,OSIMERTINIB,DB09330
CHEMBL3358920,ETRASIMOD,DB14766
CHEMBL3391662,PARITAPREVIR,DB09297
CHEMBL3400972,FLUORODOPA F 18,DB13848
CHEMBL3402762,TEPOTINIB,DB15133
CHEMBL3414621,TAZEMETOSTAT,DB12887
CHEMBL3544914,TEZACAFTOR,DB11712
CHEMBL3544988,DAPRODUSTAT,DB11682
CHEMBL3545057,ACETYLDIGITOXIN,DB00511
CHEMBL3545062,VELPATASVIR,DB11613
CHEMBL3545110,RIBOCICLIB,DB11730
CHEMBL3545123,PIBRENTASVIR,DB13878
CHEMBL3545184,ETELCALCETIDE,DB12865
CHEMBL3545185,SELINEXOR,DB11942
CHEMBL3545253,FLORTAUCIPIR F 18,DB14914
CHEMBL3545311,BRIGATINIB,DB12267
CHEMBL3545313,BEMPEDOIC ACID,DB11936
CHEMBL3545363,GLECAPREVIR,DB13879
CHEMBL3545367,LEMBOREXANT,DB11951
CHEMBL3545376,ERDAFITINIB,DB12147
CHEMBL3545985,BENZPHETAMINE,DB00865
CHEMBL3546271,FLORTAUCIPIR,DB15033
CHEMBL3578202,GOZETOTIDE,DB16303
CHEMBL3590187,CLASCOTERONE,DB12499
CHEMBL3608680,FEZOLINETANT,DB15669
CHEMBL3622821,UPADACITINIB,DB15091
CHEMBL3643413,LENIOLISIB,DB16217
CHEMBL3646221,VADADUSTAT,DB12255
CHEMBL3655081,ABROCITINIB,DB14973
CHEMBL3668014,LINZAGOLIX,DB17083
CHEMBL3701238,FUTIBATINIB,DB15149
CHEMBL3707224,SOFPIRONIUM,DB19325
CHEMBL3707247,OZANIMOD,DB12612
CHEMBL3707306,STRONTIUM RANELATE,DB09267
CHEMBL3707310,LOTILANER,DB17992
CHEMBL3707313,TRIFAROTENE,DB12808
CHEMBL3707331,ROLAPITANT,DB09291
CHEMBL3707348,ACALABRUTINIB,DB11703
CHEMBL3707377,SEGESTERONE ACETATE,DB14583
CHEMBL3707395,ELAFIBRANOR,DB05187
CHEMBL3716057,GEFAPIXANT,DB15097
CHEMBL3786343,OLMUTINIB,DB13164
CHEMBL3813873,PEXIDARTINIB,DB12978
CHEMBL3833319,REVEFENACIN,DB11855
CHEMBL3889654,LAROTRECTINIB,DB14723
CHEMBL3894860,TRILACICLIB,DB15442
CHEMBL3936761,ZANUBRUTINIB,DB15035
CHEMBL3940890,ACORAMIDIS,DB17999
CHEMBL3948730,UMBRALISIB,DB14989
CHEMBL3989517,IOFLUPANE I 123,DB08824
CHEMBL3989523,IOBENGUANE SULFATE I 123,DB09546
CHEMBL3989529,ETHANOLAMINE OLEATE,DB06689
CHEMBL3989850,ECAMSULE,DB09534
CHEMBL3989858,MAGNESIUM ACETATE TETRAHYDRATE,DB09409
CHEMBL3989866,BICTEGRAVIR,DB11799
CHEMBL3989868,TUCATINIB,DB11652
CHEMBL3989871,AVACOPAN,DB15011
CHEMBL3989908,ENASIDENIB,DB13874
CHEMBL3989915,DIFELIKEFALIN,DB11938
CHEMBL3989917,FOSNETUPITANT,DB14019
CHEMBL3989944,DIROXIMEL FUMARATE,DB14783
CHEMBL3989945,REZAFUNGIN,DB16310
CHEMBL3989949,CENOBAMATE,DB06119
CHEMBL3989958,IVOSIDENIB,DB14568
CHEMBL3989974,CEFIDEROCOL,DB14879
CHEMBL3990047,OZENOXACIN,DB12924
CHEMBL3991065,ATOGEPANT,DB16098
CHEMBL4065616,REMDESIVIR,DB14761
CHEMBL4066936,VERICIGUAT,DB15456
CHEMBL4071161,TIRABRUTINIB,DB15227
CHEMBL4085457,RITLECITINIB,DB14924
CHEMBL4101807,VOXELOTOR,DB14975
CHEMBL4105630,ZURANOLONE,DB15490
CHEMBL4113131,ENSARTINIB,DB14860
CHEMBL4173394,BRILLIANT BLUE G,DB15594
CHEMBL4204794,AVAPRITINIB,DB15233
CHEMBL4208229,ASCIMINIB,DB12597
CHEMBL4216467,RIPRETINIB,DB14840
CHEMBL4250860,DANICOPAN,DB15401
CHEMBL4279047,VORASIDENIB,DB17097
CHEMBL4297185,DAROLUTAMIDE,DB12941
CHEMBL4297334,PIFLUFOLASTAT F18,DB14805
CHEMBL4297412,PAFOLACIANINE,DB15413
CHEMBL4297503,BALOXAVIR MARBOXIL,DB13997
CHEMBL4297509,ELACESTRANT,DB06374
CHEMBL4297513,IBREXAFUNGERP,DB12471
CHEMBL4297516,LURBINECTEDIN,DB12674
CHEMBL4297517,MAVACAMTEN,DB14921
CHEMBL4297522,PEMIGATINIB,DB15102
CHEMBL4297526,REMIMAZOLAM,DB12404
CHEMBL4297528,RISDIPLAM,DB15305
CHEMBL4297585,TRIHEPTANOIN,DB11677
CHEMBL4297588,ODEVIXIBAT,DB16261
CHEMBL4297590,DARIDOREXANT,DB15031
CHEMBL4297592,AMENAMEVIR,DB11701
CHEMBL4297603,DEUTIVACAFTOR,DB15141
CHEMBL4297610,OLUTASIDENIB,DB16267
CHEMBL4297620,SOLRIAMFETOL,DB14754
CHEMBL4297666,OMIDENEPAG ISOPROPYL,DB15071
CHEMBL4298128,ELEXACAFTOR,DB15444
CHEMBL4298137,DURLOBACTAM,DB16704
CHEMBL4298138,REPOTRECTINIB,DB16826
CHEMBL4299940,MITAPIVAT,DB16236
CHEMBL4303060,MELPHALAN FLUFENAMIDE,DB16627
CHEMBL4303214,FRUQUINTINIB,DB11679
CHEMBL4303525,OMAVELOXOLONE,DB12513
CHEMBL4435170,DEUCRAVACITINIB,DB16650
CHEMBL4458276,ENMETAZOBACTAM,DB18716
CHEMBL4535757,SOTORASIB,DB15569
CHEMBL4558324,LAZERTINIB,DB16216
CHEMBL4559134,SELPERCATINIB,DB15685
CHEMBL4582651,PRALSETINIB,DB15822
CHEMBL4585668,BELZUTIFAN,DB15463
CHEMBL4594250,NETARSUDIL,DB13931
CHEMBL4594261,FLUOROESTRADIOL F-18,DB15690
CHEMBL4594287,ENSIFENTRINE,DB16157
CHEMBL4594350,ADAGRASIB,DB15568
CHEMBL4594379,FOSLEVODOPA,DB16683
CHEMBL4594411,"XENON XE-129, HYPERPOLARIZED",DB17386
CHEMBL4594438,LENACAPAVIR,DB15673
CHEMBL4594448,IPTACOPAN,DB16200
CHEMBL4650215,INAVOLISIB,DB15275
CHEMBL4650319,MOBOCERTINIB,DB16390
CHEMBL4650485,PIRTOBRUTINIB,DB17472
CHEMBL4650827,REVUMENIB,DB18515
CHEMBL4802135,NIRMATRELVIR,DB16691
CHEMBL4802240,FOSCARBIDOPA,DB16171
CHEMBL5095056,BENZGALANTAMINE,DB19353
CHEMBL5189739,BEROTRALSTAT,DB15982
CHEMBL5314379,VOCLOSPORIN,DB11693
CHEMBL5314588,PERFLUOROHEXYLOCTANE,DB17823
CHEMBL5314934,VANZACAFTOR,DB18373
CHEMBL5315122,BORTEZOMIB D-MANNITOL,DB16741
