drugbank_id,name
DB00201,Caffeine
DB09019,Bromhexine
DB01267,Paliperidone
DB00174,L-Asparagine
DB00697,Tizanidine
DB00137,Xanthophyll
DB08834,Tauroursodeoxycholic acid
DB00737,Meclizine
DB00377,Palonosetron
DB01040,Hydroxystilbamidine Isethionate
DB00699,Nicergoline
DB09003,Clocapramine
DB00747,Scopolamine
DB00742,Mannitol
DB00220,Nelfinavir
DB08874,Fidaxomicin
DB00656,Trazodone
DB00646,Nystatin
DB01603,Meticillin
DB08806,Roxatidine acetate
DB00196,Fluconazole
DB00800,Fenoldopam
DB01028,Methoxyflurane
DB00518,Albendazole
DB00316,Acetaminophen
DB00816,Orciprenaline
DB00140,Riboflavin
DB00275,Olmesartan
DB00819,Acetazolamide
DB00899,Remifentanil
DB00281,Lidocaine
DB00304,Desogestrel
DB01249,Iodixanol
DB04861,Nebivolol
DB00628,Clorazepate
DB01090,Pentolinium
DB00711,Diethylcarbamazine
DB01216,Finasteride
DB01182,Propafenone
DB00343,Diltiazem
DB00154,Dihomo-gamma-linolenic acid
DB06637,Dalfampridine
DB00130,L-Glutamine
DB00202,Succinylcholine
DB06288,Amisulpride
DB01157,Trimetrexate
DB00341,Cetirizine
DB00870,Suprofen
DB01181,Ifosfamide
DB01288,Fenoterol
DB00634,Sulfacetamide
DB06292,Dapagliflozin
DB06700,Desvenlafaxine
DB00233,Aminosalicylic Acid
DB00260,Cycloserine
DB01423,Stepronin
DB00726,Trimipramine
DB04938,Ospemifene
DB00419,Miglustat
DB00690,Flurazepam
DB00453,Clomocycline
DB08916,Afatinib
DB00855,Aminolevulinic acid
DB01112,Cefuroxime
DB01072,Atazanavir
DB00788,Naproxen
DB01273,Varenicline
DB00630,Alendronate
DB01048,Abacavir
DB01605,Pivmecillinam
DB00858,Drostanolone
DB00332,Ipratropium bromide
DB00876,Eprosartan
DB00407,Ardeparin
DB00949,Felbamate
DB00481,Raloxifene
DB08946,Iopanoic acid
DB04930,Permethrin
DB00701,Amprenavir
DB00422,Methylphenidate
DB01578,Metrizamide
DB08991,Epirizole
DB00877,Sirolimus
DB01229,Paclitaxel
DB00507,Nitazoxanide
DB00829,Diazepam
DB00714,Apomorphine
DB00602,Ivermectin
DB00410,Mupirocin
DB00689,Cephaloglycin
DB00868,Benzonatate
DB00554,Piroxicam
DB00731,Nateglinide
DB00512,Vancomycin
DB01086,Benzocaine
DB00693,Fluorescein
DB00995,Auranofin
DB00448,Lansoprazole
DB00611,Butorphanol
DB01228,Encainide
DB01149,Nefazodone
DB00245,Benzatropine
DB00352,Tioguanine
DB00879,Emtricitabine
DB01008,Busulfan
DB08905,Formestane
DB00923,Ceforanide
DB01080,Vigabatrin
DB08795,Azidocillin
DB00614,Furazolidone
DB01143,Amifostine
DB00875,Flupentixol
DB01045,Rifampicin
DB00937,Diethylpropion
DB01401,Trisalicylate-choline
DB01339,Vecuronium
DB00182,Amphetamine
DB06707,Levonordefrin
DB00431,Lindane
DB01175,Escitalopram
DB01176,Cyclizine
DB00376,Trihexyphenidyl
DB01616,Alverine
DB01253,Ergonovine
DB00264,Metoprolol
DB01093,Dimethyl sulfoxide
DB00557,Hydroxyzine
DB08887,Icosapent ethyl
DB00234,Reboxetine
DB04575,Quinestrol
DB00491,Miglitol
DB08798,Sulfamoxole
DB08897,Aclidinium
DB06335,Saxagliptin
DB00261,Anagrelide
DB05389,WF10
DB00178,Ramipril
DB01489,Camazepam
DB00805,Minaprine
DB06274,Alvimopan
DB00320,Dihydroergotamine
DB01129,Rabeprazole
DB06616,Bosutinib
DB00972,Azelastine
DB01591,Solifenacin
DB00346,Alfuzosin
DB00869,Dorzolamide
DB00572,Atropine
DB00467,Enoxacin
DB01132,Pioglitazone
DB00123,L-Lysine
DB00268,Ropinirole
DB00313,Valproic Acid
DB01145,Sulfoxone
DB08979,Fenspiride
DB00241,Butalbital
DB00545,Pyridostigmine
DB01103,Quinacrine
DB00278,Argatroban
DB08968,Fominoben
DB00277,Theophylline
DB01178,Chlormezanone
DB00790,Perindopril
DB01073,Fludarabine
DB08826,Deferiprone
DB00328,Indomethacin
DB01004,Ganciclovir
DB01338,Pipecuronium
DB00671,Cefixime
DB01606,Tazobactam
DB00363,Clozapine
DB04844,Tetrabenazine
DB01162,Terazosin
DB00552,Pentostatin
DB00198,Oseltamivir
DB00996,Gabapentin
DB00243,Ranolazine
DB01226,Mivacurium
DB01425,Alizapride
DB00192,Indecainide
DB00427,Triprolidine
DB00607,Nafcillin
DB06781,Difluprednate
DB00351,Megestrol acetate
DB01369,Quinupristin
DB01003,Cromoglicic acid
DB00687,Fludrocortisone
DB01367,Rasagiline
DB00605,Sulindac
DB00664,Sulfametopyrazine
DB01055,Mimosine
DB00517,Anisotropine Methylbromide
DB01256,Retapamulin
DB06714,Propylhexedrine
DB01328,Cefonicid
DB00846,Flurandrenolide
DB00906,Tiagabine
DB00371,Meprobamate
DB01043,Memantine
DB00952,Naratriptan
DB01222,Budesonide
DB08873,Boceprevir
DB04786,Suramin
DB00262,Carmustine
DB01251,Gliquidone
DB01601,Lopinavir
DB00280,Disopyramide
DB01200,Bromocriptine
DB00242,Cladribine
DB01063,Acetophenazine
DB00536,Guanidine
DB00441,Gemcitabine
DB00821,Carprofen
DB00706,Tamsulosin
DB00450,Droperidol
DB00131,Adenosine monophosphate
DB06729,Sulfaphenazole
DB00568,Cinnarizine
DB00263,Sulfisoxazole
DB01126,Dutasteride
DB06155,Rimonabant
DB00739,Hetacillin
DB01214,Metipranolol
DB00256,Lymecycline
DB06689,Ethanolamine Oleate
DB00162,Vitamin A
DB00230,Pregabalin
DB00573,Fenoprofen
DB00483,Gallamine Triethiodide
DB08998,Demexiptiline
DB00667,Histamine Phosphate
DB00408,Loxapine
DB00379,Mexiletine
DB00499,Flutamide
DB01452,Heroin
DB00959,Methylprednisolone
DB04552,Niflumic Acid
DB00974,Edetic Acid
DB01393,Bezafibrate
DB00779,Nalidixic Acid
DB01065,Melatonin
DB06827,Viomycin
DB04878,Voglibose
DB00187,Esmolol
DB00867,Ritodrine
DB00158,Folic Acid
DB04948,Lofexidine
DB01033,Mercaptopurine
DB01164,Calcium Chloride
DB01327,Cefazolin
DB01039,Fenofibrate
DB00668,Epinephrine
DB01029,Irbesartan
DB01370,Aluminium
DB01600,Tiaprofenic acid
DB00144,Phosphatidylserine
DB04967,Lucanthone
DB01618,Molindone
DB00259,Sulfanilamide
DB00367,Levonorgestrel
DB01138,Sulfinpyrazone
DB06723,Aluminum hydroxide
DB00417,Penicillin V
DB04890,Bepotastine
DB00615,Rifabutin
DB00452,Framycetin
DB00932,Tipranavir
DB01123,Proflavine
DB00849,Methylphenobarbital
DB00534,Chlormerodrin
DB04574,Estropipate
DB06713,Norelgestromin
DB00756,Hexachlorophene
DB00904,Ondansetron
DB01091,Butenafine
DB00115,Cyanocobalamin
DB00543,Amoxapine
DB00508,Triflupromazine
DB01263,Posaconazole
DB01113,Papaverine
DB06730,Gestodene
DB01614,Acepromazine
DB01260,Desonide
DB01142,Doxepin
DB00825,Menthol
DB00907,Cocaine
DB00321,Amitriptyline
DB06817,Raltegravir
DB00661,Verapamil
DB00641,Simvastatin
DB00593,Ethosuximide
DB00733,Pralidoxime
DB01047,Fluocinonide
DB00751,Epinastine
DB04865,Homoharringtonine
DB02959,Oxitriptan
DB01325,Quinethazone
DB00763,Methimazole
DB00961,Mepivacaine
DB00129,L-Ornithine
DB08903,Bedaquiline
DB00501,Cimetidine
DB00872,Conivaptan
DB01398,Salicylate-sodium
DB00119,Pyruvic acid
DB00145,Glycine
DB06701,Dexmethylphenidate
DB00244,Mesalazine
DB01245,Decamethonium
DB01254,Dasatinib
DB00561,Doxapram
DB00227,Lovastatin
DB00436,Bendroflumethiazide
DB00692,Phentolamine
DB01620,Pheniramine
DB01252,Mitiglinide
DB00212,Remikiren
DB01014,Balsalazide
DB00445,Epirubicin
DB00224,Indinavir
DB00873,Loteprednol
DB00347,Trimethadione
DB00884,Risedronate
DB00924,Cyclobenzaprine
DB04868,Nilotinib
DB00125,L-Arginine
DB01247,Isocarboxazid
DB00913,Anileridine
DB00761,Potassium Chloride
DB00359,Sulfadiazine
DB00787,Aciclovir
DB00912,Repaglinide
DB00249,Idoxuridine
DB00727,Nitroglycerin
DB04920,Clevidipine
DB01018,Guanfacine
DB01326,Cefamandole
DB00694,Daunorubicin
DB00730,Thiabendazole
DB00459,Acitretin
DB00828,Fosfomycin
DB00544,Fluorouracil
DB00494,Entacapone
DB06605,Apixaban
DB00514,Dextromethorphan
DB00503,Ritonavir
DB00139,Succinic acid
DB08993,Enviomycin
DB01016,Glyburide
DB00393,Nimodipine
DB06144,Sertindole
DB01135,Doxacurium chloride
DB00496,Darifenacin
DB04838,Cyclandelate
DB00766,Clavulanate
DB00360,Tetrahydrobiopterin
DB08970,Fluprednidene Acetate
DB00704,Naltrexone
DB00951,Isoniazid
DB00834,Mifepristone
DB00200,Hydroxocobalamin
DB00337,Pimecrolimus
DB00814,Meloxicam
DB08957,Hexoprenaline
DB00475,Chlordiazepoxide
DB01009,Ketoprofen
DB00642,Pemetrexed
DB01098,Rosuvastatin
DB09006,Clinofibrate
DB01583,Liotrix
DB00193,Tramadol
DB01274,Arformoterol
DB00658,Sevelamer
DB00824,Enprofylline
DB00925,Phenoxybenzamine
DB06708,Lumefantrine
DB01032,Probenecid
DB00035,Desmopressin
DB01353,Butethal
DB00457,Prazosin
DB06218,Lacosamide
DB01357,Mestranol
DB00118,S-Adenosylmethionine
DB00729,Diphemanil Methylsulfate
DB01051,Novobiocin
DB00660,Metaxalone
DB01359,Penbutolol
DB01131,Proguanil
DB04837,Clofedanol
DB08797,Salicylamide
DB01023,Felodipine
DB00897,Triazolam
DB00596,Halobetasol Propionate
DB05109,Trabectedin
DB06709,Methacholine
DB01173,Orphenadrine
DB01337,Pancuronium
DB00472,Fluoxetine
DB00725,Homatropine Methylbromide
DB06699,Degarelix
DB00998,Frovatriptan
DB00168,Aspartame
DB06811,Polidocanol
DB02546,Vorinostat
DB01031,Ethinamate
DB00981,Physostigmine
DB00946,Phenprocoumon
DB00812,Phenylbutazone
DB01579,Phendimetrazine
DB00567,Cephalexin
DB01331,Cefoxitin
DB00677,Isoflurophate
DB08828,Vismodegib
DB00428,Streptozocin
DB06290,SIMEPREVIR
DB01242,Clomipramine
DB00651,Dyphylline
DB01083,Orlistat
DB08824,Ioflupane I 123
DB00525,Tolnaftate
DB08911,Trametinib
DB00599,Thiopental
DB01140,Cefadroxil
DB00597,Gadoteridol
DB01207,Ridogrel
DB01580,Oxprenolol
DB08807,Bopindolol
DB01094,Hesperetin
DB00738,Pentamidine
DB00802,Alfentanil
DB00210,Adapalene
DB00985,Dimenhydrinate
DB00474,Methohexital
DB00783,Estradiol
DB00529,Foscarnet
DB08864,Rilpivirine
DB00432,Trifluridine
DB00415,Ampicillin
DB01340,Cilazapril
DB06697,Artemether
DB00665,Nilutamide
DB04843,Mepenzolate
DB00470,Dronabinol
DB01219,Dantrolene
DB01364,Ephedrine
DB06813,Pralatrexate
DB01599,Probucol
DB06589,Pazopanib
DB00723,Methoxamine
DB00274,Cefmetazole
DB01463,Fencamfamine
DB01050,Ibuprofen
DB06710,Methyltestosterone
DB01198,Zopiclone
DB00335,Atenolol
DB00882,Clomifene
DB01211,Clarithromycin
DB01077,Etidronic acid
DB00941,Hexafluronium
DB00392,Ethopropazine
DB00133,L-Serine
DB00954,Dirithromycin
DB00394,Beclomethasone
DB01068,Clonazepam
DB01598,Imipenem
DB01395,Drospirenone
DB01297,Practolol
DB00966,Telmisartan
DB00550,Propylthiouracil
DB01101,Capecitabine
DB01201,Rifapentine
DB00957,Norgestimate
DB00391,Sulpiride
DB00500,Tolmetin
DB00549,Zafirlukast
DB00712,Flurbiprofen
DB08884,Gadoxetate
DB06594,Agomelatine
DB00973,Ezetimibe
DB01362,Iohexol
DB00487,Pefloxacin
DB00764,Mometasone
DB00167,L-Isoleucine
DB00654,Latanoprost
DB00247,Methysergide
DB00780,Phenelzine
DB00844,Nalbuphine
DB00838,Clocortolone
DB06738,Ketobemidone
DB06751,Drotaverine
DB00999,Hydrochlorothiazide
DB06698,Betahistine
DB06237,Avanafil
DB00865,Benzphetamine
DB00777,Propiomazine
DB08866,Estradiol valerate/Dienogest
DB01244,Bepridil
DB00524,Metolazone
DB00305,Mitomycin
DB06262,Droxidopa
DB08868,Fingolimod
DB01074,Perhexiline
DB00389,Carbimazole
DB00818,Propofol
DB01602,Bacampicillin
DB06802,Nepafenac
DB06439,Tyloxapol
DB00647,Dextropropoxyphene
DB01084,Emedastine
DB00765,Metyrosine
DB00778,Roxithromycin
DB00254,Doxycycline
DB01166,Cilostazol
DB00866,Alprenolol
DB00883,Isosorbide Dinitrate
DB06706,Isometheptene
DB00177,Valsartan
DB00841,Dobutamine
DB01438,Phenazopyridine
DB06414,Etravirine
DB08890,Linaclotide
DB07402,Azapropazone
DB01119,Diazoxide
DB01034,Cerulenin
DB01225,Enoxaparin
DB08954,Ifenprodil
DB06725,Lornoxicam
DB00314,Capreomycin
DB00566,Succimer
DB00272,Betazole
DB00446,Chloramphenicol
DB06712,Nilvadipine
DB04840,Debrisoquin
DB01115,Nifedipine
DB00338,Omeprazole
DB08877,Ruxolitinib
DB01365,Mephentermine
DB00179,Masoprocol
DB09009,Articaine
DB00138,L-Cystine
DB08800,Chloropyramine
DB01407,Clenbuterol
DB06196,Icatibant
DB00922,Levosimendan
DB01167,Itraconazole
DB00355,Aztreonam
DB00943,Zalcitabine
DB01183,Naloxone
DB01612,Amyl Nitrite
DB00375,Colestipol
DB00620,Triamcinolone
DB08943,Isoconazole
DB00364,Sucralfate
DB06267,Udenafil
DB01120,Gliclazide
DB01594,Cinolazepam
DB00497,Oxycodone
DB01213,Fomepizole
DB00251,Terconazole
DB08811,Tofisopam
DB00817,Rosoxacin
DB00404,Alprazolam
DB08930,Dolutegravir
DB01409,Tiotropium
DB00581,Lactulose
DB00637,Astemizole
DB00609,Ethionamide
DB06718,Stanozolol
DB00722,Lisinopril
DB01111,Colistimethate
DB00294,Etonogestrel
DB00091,Cyclosporine
DB00794,Primidone
DB01403,Methotrimeprazine
DB01013,Clobetasol propionate
DB01210,Levobunolol
DB01589,Quazepam
DB01169,Arsenic trioxide
DB00429,Carboprost Tromethamine
DB00318,Codeine
DB08823,Spinosad
DB00308,Ibutilide
DB00165,Pyridoxine
DB01604,Pivampicillin
DB01282,Carbetocin
DB01076,Atorvastatin
DB00719,Azatadine
DB01299,Sulfadoxine
DB01511,Delorazepam
DB00830,Phenmetrazine
DB00863,Ranitidine
DB00703,Methazolamide
DB00216,Eletriptan
DB08918,Levomilnacipran
DB08928,Arsthinol
DB00486,Nabilone
DB00223,Diflorasone
DB00944,Demecarium
DB00989,Rivastigmine
DB01158,Bretylium
DB01066,Cefditoren
DB00950,Fexofenadine
DB04571,Trioxsalen
DB06704,Iobenguane
DB01206,Lomustine
DB01622,Thioproperazine
DB00425,Zolpidem
DB08947,Iopamidol
DB08924,Amfecloral
DB00673,Aprepitant
DB00700,Eplerenone
DB00443,Betamethasone
DB01406,Danazol
DB00945,Acetylsalicylic acid
DB01125,Anisindione
DB00511,Acetyldigitoxin
DB01355,Hexobarbital
DB00601,Linezolid
DB00579,Mazindol
DB04911,Oritavancin
DB00438,Ceftazidime
DB00267,Cefmenoxime
DB00789,Gadopentetate dimeglumine
DB04942,Tamibarotene
DB06150,Sulfadimethoxine
DB00938,Salmeterol
DB00237,Butabarbital
DB01610,Valganciclovir
DB08899,Enzalutamide
DB01418,Acenocoumarol
DB00755,Tretinoin
DB01070,Dihydrotachysterol
DB01155,Gemifloxacin
DB00631,Clofarabine
DB00674,Galantamine
DB00975,Dipyridamole
DB00258,Calcium Acetate
DB00434,Cyproheptadine
DB01060,Amoxicillin
DB06213,Regadenoson
DB05246,Methsuximide
DB06716,Fospropofol
DB00357,Aminoglutethimide
DB01342,Forasartan
DB01294,Bismuth Subsalicylate
DB00997,Doxorubicin
DB00710,Ibandronate
DB01165,Ofloxacin
DB01384,Paramethasone
DB00610,Metaraminol
DB01146,Diphenylpyraline
DB01392,Yohimbine
DB00681,Amphotericin B
DB04946,Iloperidone
DB00401,Nisoldipine
DB01414,Cefacetrile
DB08994,Ditazole
DB00226,Guanadrel
DB01035,Procainamide
DB00684,Tobramycin
DB01333,Cefradine
DB00860,Prednisolone
DB00827,Cinoxacin
DB01001,Salbutamol
DB00527,Cinchocaine
DB00862,Vardenafil
DB01156,Bupropion
DB00588,Fluticasone Propionate
DB01291,Pirbuterol
DB01347,Saprisartan
DB00798,Gentamicin
DB00619,Imatinib
DB00385,Valrubicin
DB00206,Reserpine
DB00546,Adinazolam
DB04845,Ixabepilone
DB00289,Atomoxetine
DB00150,L-Tryptophan
DB08984,Etofenamate
DB01421,Paromomycin
DB00760,Meropenem
DB00560,Tigecycline
DB00287,Travoprost
DB00786,Marimastat
DB00645,Dyclonine
DB01117,Atovaquone
DB00595,Oxytetracycline
DB00592,Piperazine
DB00666,Nafarelin
DB00603,Medroxyprogesterone Acetate
DB00643,Mebendazole
DB01104,Sertraline
DB00509,Dextrothyroxine
DB09014,Captodiame
DB00598,Labetalol
DB00744,Zileuton
DB00850,Perphenazine
DB04841,Flunarizine
DB00160,L-Alanine
DB00553,Methoxsalen
DB01204,Mitoxantrone
DB06803,Niclosamide
DB00521,Carteolol
DB00624,Testosterone
DB01057,Echothiophate
DB09028,Cytisine
DB01075,Diphenhydramine
DB00209,Trospium
DB00396,Progesterone
DB00724,Imiquimod
DB00540,Nortriptyline
DB08896,Regorafenib
DB00837,Progabide
DB01187,Iophendylate
DB00820,Tadalafil
DB06204,Tapentadol
DB00753,Isoflurane
DB00190,Carbidopa
DB00621,Oxandrolone
DB01427,Amrinone
DB01375,Dihydroxyaluminium
DB00919,Spectinomycin
DB01593,Zinc
DB00960,Pindolol
DB01559,Clotiazepam
DB01022,Phylloquinone
DB04570,Latamoxef
DB00718,Adefovir Dipivoxil
DB00878,Chlorhexidine
DB00935,Oxymetazoline
DB00622,Nicardipine
DB08847,Hydroxyproline
DB00902,Methdilazine
DB00955,Netilmicin
DB00600,Monobenzone
DB00928,Azacitidine
DB01092,Ouabain
DB00797,Tolazoline
DB05039,Indacaterol
DB00322,Floxuridine
DB06775,Carglumic Acid
DB00232,Methyclothiazide
DB01587,Ketazolam
DB00695,Furosemide
DB01440,Gamma Hydroxybutyric Acid
DB04855,Dronedarone
DB00397,Phenylpropanolamine
DB00460,Verteporfin
DB01127,Econazole
DB00136,Calcitriol
DB01624,Zuclopenthixol
DB00411,Carbachol
DB00833,Cefaclor
DB06766,Alcaftadine
DB00231,Temazepam
DB00166,Lipoic Acid
DB00288,Amcinonide
DB00349,Clobazam
DB00462,Methylscopolamine bromide
DB06771,Besifloxacin
DB00683,Midazolam
DB00585,Nizatidine
DB00799,Tazarotene
DB00250,Dapsone
DB00853,Temozolomide
DB00839,Tolazamide
DB08910,Pomalidomide
DB01053,Benzylpenicillin
DB00942,Cycrimine
DB00994,Neomycin
DB00252,Phenytoin
DB00151,L-Cysteine
DB06695,Dabigatran etexilate
DB00374,Treprostinil
DB08803,Tymazoline
DB00380,Dexrazoxane
DB00678,Losartan
DB01150,Cefprozil
DB01320,Fosphenytoin
DB00310,Chlorthalidone
DB00813,Fentanyl
DB01041,Thalidomide
DB01611,Hydroxychloroquine
DB00476,Duloxetine
DB01408,Bambuterol
DB00871,Terbutaline
DB00485,Dicloxacillin
DB01153,Sertaconazole
DB08822,Azilsartan medoxomil
DB00539,Toremifene
DB00672,Chlorpropamide
DB01592,Iron
DB01303,Oxtriphylline
DB00324,Fluorometholone
DB01400,Neostigmine
DB01102,Arbutamine
DB08995,Diosmin
DB00929,Misoprostol
DB09008,Cephaloridine
DB00265,Crotamiton
DB08882,Linagliptin
DB01019,Bethanechol
DB00240,Alclometasone
DB01197,Captopril
DB00669,Sumatriptan
DB01179,Podofilox
DB00963,Bromfenac
DB00477,Chlorpromazine
DB00633,Dexmedetomidine
DB01298,Sulfacytine
DB00488,Altretamine
DB01615,Aceprometazine
DB00215,Citalopram
DB00171,Adenosine triphosphate
DB01544,Flunitrazepam
DB00917,Dinoprostone
DB06216,Asenapine
DB06711,Naphazoline
DB08604,Triclosan
DB00590,Doxazosin
DB00423,Methocarbamol
DB01351,Amobarbital
DB00586,Diclofenac
DB01049,Ergoloid mesylate
DB00120,L-Phenylalanine
DB01186,Pergolide
DB00426,Famciclovir
DB08967,Dimetotiazine
DB01088,Iloprost
DB00117,L-Histidine
DB00716,Nedocromil
DB00388,Phenylephrine
DB00750,Prilocaine
DB00772,Malathion
DB01597,Cilastatin
DB06703,Gadobutrol
DB00353,Methylergometrine
DB01239,Chlorprothixene
DB01026,Ketoconazole
DB01128,Bicalutamide
DB01194,Brinzolamide
DB00495,Zidovudine
DB00465,Ketorolac
DB00199,Erythromycin
DB00181,Baclofen
DB01394,Colchicine
DB06623,Flupirtine
DB00489,Sotalol
DB00370,Mirtazapine
DB06203,Alogliptin
DB00734,Risperidone
DB01085,Pilocarpine
DB00644,Gonadorelin
DB00698,Nitrofurantoin
DB00273,Topiramate
DB01170,Guanethidine
DB01097,Leflunomide
DB01136,Carvedilol
DB00686,Pentosan Polysulfate
DB01172,Kanamycin
DB00418,Secobarbital
DB08860,Pitavastatin
DB00774,Hydroflumethiazide
DB01261,Sitagliptin
DB00283,Clemastine
DB00126,Vitamin C
DB00405,Dexbrompheniramine
DB08992,Eperisone
DB08976,Floctafenine
DB00331,Metformin
DB00898,Ethanol
DB01020,Isosorbide Mononitrate
DB00811,Ribavirin
DB00282,Pamidronate
DB00740,Riluzole
DB00412,Rosiglitazone
DB04894,Vapreotide
DB01215,Estazolam
DB06210,Eltrombopag
DB00748,Carbinoxamine
DB00339,Pyrazinamide
DB00442,Entecavir
DB00992,Methyl aminolevulinate
DB00881,Quinapril
DB08941,Isoxsuprine
DB06663,Pasireotide
DB08990,Eprazinone
DB00758,Clopidogrel
DB08996,Dimetacrine
DB00578,Carbenicillin
DB04711,Iodipamide
DB00662,Trimethobenzamide
DB00116,Tetrahydrofolic acid
DB08906,Fluticasone furoate
DB00688,Mycophenolate mofetil
DB00915,Amantadine
DB01110,Miconazole
DB00493,Cefotaxime
DB01192,Oxymorphone
DB00464,Sodium Tetradecyl Sulfate
DB04839,Cyproterone acetate
DB00770,Alprostadil
DB01056,Tocainide
DB00454,Pethidine
DB01349,Tasosartan
DB08801,Dimetindene
DB01189,Desflurane
DB01208,Sparfloxacin
DB01289,Glisoxepide
DB01081,Diphenoxylate
DB00132,Alpha-Linolenic Acid
DB01082,Streptomycin
DB00172,L-Proline
DB00402,Eszopiclone
DB00213,Pantoprazole
DB06717,Fosaprepitant
DB00890,Dienestrol
DB01420,Testosterone Propionate
DB09015,Potassium Canrenoate
DB00298,Dapiprazole
DB00535,Cefdinir
DB01436,Alfacalcidol
DB00406,Gentian Violet
DB00948,Mezlocillin
DB00163,Vitamin E
DB01122,Ambenonium
DB01243,Chloroxine
DB08932,MACITENTAN
DB06151,Acetylcysteine
DB00914,Phenformin
DB00541,Vincristine
DB00175,Pravastatin
DB00962,Zaleplon
DB08966,Fursultiamine
DB00122,Choline
DB01137,Levofloxacin
DB00732,Atracurium
DB08816,Ticagrelor
DB00583,L-Carnitine
DB00885,Pemirolast
DB01154,Thiamylal
DB01011,Metyrapone
DB00390,Digoxin
DB00887,Bumetanide
DB01412,Theobromine
DB01071,Mequitazine
DB01321,Josamycin
DB01586,Ursodeoxycholic acid
DB01595,Nitrazepam
DB01576,Dextroamphetamine
DB00636,Clofibrate
DB00584,Enalapril
DB00520,Caspofungin
DB04794,Bifonazole
DB00793,Haloprogin
DB01058,Praziquantel
DB00435,Nitric Oxide
DB00749,Etodolac
DB09002,Cloperastine
DB08893,Mirabegron
DB01296,Glucosamine
DB01177,Idarubicin
DB00851,Dacarbazine
DB00290,Bleomycin
DB00709,Lamivudine
DB00189,Ethchlorvynol
DB00625,Efavirenz
DB01626,Pargyline
DB00235,Milrinone
DB01196,Estramustine
DB01577,Methamphetamine
DB06777,Chenodeoxycholic acid
DB04876,Vildagliptin
DB08983,Etofibrate
DB01501,Difenoxin
DB00874,Guaifenesin
DB00214,Torasemide
DB00248,Cabergoline
DB01419,Antrafenine
DB00589,Lisuride
DB01161,Chloroprocaine
DB00964,Apraclonidine
DB06800,Methylnaltrexone
DB00563,Methotrexate
DB00255,Diethylstilbestrol
DB00480,Lenalidomide
DB01025,Amlexanox
DB01005,Hydroxyurea
DB00333,Methadone
DB08901,Ponatinib
DB08804,Nandrolone decanoate
DB00548,Azelaic Acid
DB00852,Pseudoephedrine
DB01248,Docetaxel
DB00143,Glutathione
DB08987,Etidocaine
DB01295,Bevantolol
DB00358,Mefloquine
DB00184,Nicotine
DB00649,Stavudine
DB01240,Epoprostenol
DB00979,Cyclopentolate
DB01390,Sodium bicarbonate
DB01205,Flumazenil
DB01764,Dalfopristin
DB00616,Candoxatril
DB00808,Indapamide
DB00490,Buspirone
DB08981,Fenbufen
DB00967,Desloratadine
DB06702,Fesoterodine
DB00604,Cisapride
DB00857,Terbinafine
DB00680,Moricizine
DB00565,Cisatracurium Besylate
DB00856,Chlorphenesin
DB00720,Clodronate
DB01380,Cortisone acetate
DB00745,Modafinil
DB00741,Hydrocortisone
DB00399,Zoledronate
DB00296,Ropivacaine
DB00815,Sodium lauryl sulfate
DB08982,Etozoline
DB00908,Quinidine
DB01324,Polythiazide
DB01078,Deslanoside
DB01426,Ajmaline
DB01087,Primaquine
DB00219,Oxyphenonium
DB00292,Etomidate
DB03166,Acetic acid
DB01429,Aprindine
DB01209,Dezocine
DB00847,Cysteamine
DB00461,Nabumetone
DB06212,Tolvaptan
DB01021,Trichlormethiazide
DB04573,Estriol
DB06228,Rivaroxaban
DB00121,Biotin
DB01558,Bromazepam
DB00188,Bortezomib
DB08865,Crizotinib
DB00153,Ergocalciferol
DB04842,Fluspirilene
DB04877,Voacamine
DB00537,Ciprofloxacin
DB01106,Levocabastine
DB00676,Benzyl Benzoate
DB01550,Fenproporex
DB00984,Nandrolone phenpropionate
DB01415,Ceftibuten
DB05013,Ingenol Mebutate
DB01220,Rifaximin
DB00894,Testolactone
DB01567,Fludiazepam
DB00127,Spermine
DB00905,Bimatoprost
DB01124,Tolbutamide
DB01089,Deserpidine
DB06614,Peramivir
DB00420,Promazine
DB09017,Brotizolam
DB06684,Vilazodone
DB06255,Incadronate
DB00903,Ethacrynic acid
DB00246,Ziprasidone
DB00327,Hydromorphone
DB01235,L-DOPA
DB00705,Delavirdine
DB01012,Cinacalcet
DB01553,Cloxazolam
DB06809,Plerixafor
DB05271,Rotigotine
DB08958,Hexetidine
DB06810,Plicamycin
DB06770,Benzyl alcohol
DB01628,Etoricoxib
DB00498,Phenindione
DB01656,Roflumilast
DB00655,Estrone
DB00149,L-Leucine
DB06201,Rufinamide
DB01116,Trimethaphan
DB01428,Oxybenzone
DB00484,Brimonidine
DB00381,Amlodipine
DB00270,Isradipine
DB01100,Pimozide
DB00383,Oxyphencyclimine
DB08913,Radium Ra 223 Dichloride
DB00104,Octreotide
DB01330,Cefotetan
DB01609,Deferasirox
DB06147,Sulfathiazole
DB01203,Nadolol
DB06705,Gadofosveset trisodium
DB01545,Ethyl loflazepate
DB06694,Xylometazoline
DB00752,Tranylcypromine
DB01202,Levetiracetam
DB00301,Flucloxacillin
DB00653,Magnesium Sulfate
DB01139,Cefapirin
DB08808,Bupranolol
DB00239,Oxiconazole
DB00804,Dicyclomine
DB00361,Vinorelbine
DB01188,Ciclopirox
DB00479,Amikacin
DB01147,Cloxacillin
DB01193,Acebutolol
DB01361,Troleandomycin
DB04572,Thiotepa
DB00638,Inulin
DB00769,Hydrocortamate
DB01551,Dihydrocodeine
DB00679,Thioridazine
DB08835,Spaglumic Acid
DB00387,Procyclidine
DB00796,Candesartan
DB00939,Meclofenamic acid
DB00713,Oxacillin
DB00940,Methantheline
DB00843,Donepezil
DB00771,Clidinium
DB00707,Porfimer
DB01054,Nitrendipine
DB00211,Midodrine
DB01227,Levomethadyl Acetate
DB01382,Glycodiazine
DB00152,Thiamine
DB00344,Protriptyline
DB01042,Melphalan
DB06209,Prasugrel
DB01010,Edrophonium
DB00933,Mesoridazine
DB01588,Prazepam
DB00759,Tetracycline
DB00307,Bexarotene
DB00735,Naftifine
DB00792,Tripelennamine
DB00861,Diflunisal
DB00236,Pipobroman
DB06768,Ammonium lactate
DB01107,Methyprylon
DB01482,Fenethylline
DB00934,Maprotiline
DB00271,Diatrizoate
DB01431,Allylestrenol
DB00980,Ramelteon
DB01095,Fluvastatin
DB01352,Aprobarbital
DB00326,Calcium Gluceptate
DB00284,Acarbose
DB01062,Oxybutynin
DB00657,Mecamylamine
DB00293,Raltitrexed
DB01148,Flavoxate
DB01411,Pranlukast
DB00831,Trifluoperazine
DB00670,Pirenzepine
DB00859,Penicillamine
DB00909,Zonisamide
DB00350,Minoxidil
DB00373,Timolol
DB00266,Dicoumarol
DB00746,Deferoxamine
DB00317,Gefitinib
DB01466,Ethylmorphine
DB00295,Morphine
DB00721,Procaine
DB00613,Amodiaquine
DB01397,Magnesium salicylate
DB08802,Isothipendyl
DB01069,Promethazine
DB00736,Esomeprazole
DB00845,Clofazimine
DB00279,Liothyronine
DB00238,Nevirapine
DB01356,Lithium
DB01223,Aminophylline
DB00471,Montelukast
DB05630,Sodium stibogluconate
DB00170,Menadione
DB00413,Pramipexole
DB08907,Canagliflozin
DB01424,Aminophenazone
DB01264,Darunavir
DB00291,Chlorambucil
DB01064,Isoprenaline
DB00303,Ertapenem
DB00691,Moexipril
DB00134,L-Methionine
DB01399,Salsalate
DB01608,Propericiazine
DB00835,Brompheniramine
DB06691,Mepyramine
DB01348,Spirapril
DB00976,Telithromycin
DB00717,Norethindrone
DB00207,Azithromycin
DB01067,Glipizide
DB00591,Fluocinolone Acetonide
DB00325,Nitroprusside
DB02703,Fusidic Acid
DB00632,Docosanol
DB00519,Trandolapril
DB01613,Erythrityl Tetranitrate
DB04835,Maraviroc
DB01199,Tubocurarine
DB00648,Mitotane
DB01141,Micafungin
DB00146,Calcidiol
DB08881,Vemurafenib
DB00403,Ceruletide
DB00183,Pentagastrin
DB00440,Trimethoprim
DB01234,Dexamethasone
DB00538,Gadoversetamide
DB00203,Sildenafil
DB00801,Halazepam
DB00093,Felypressin
DB00128,L-Aspartic Acid
DB00807,Proparacaine
DB00191,Phentermine
DB09020,Bisacodyl
DB00473,Hexylcaine
DB01185,Fluoxymesterone
DB00430,Cefpiramide
DB01000,Cyclacillin
DB00156,L-Threonine
DB00810,Biperiden
DB00571,Propranolol
DB00502,Haloperidol
DB00659,Acamprosate
DB00606,Cyclothiazide
DB00978,Lomefloxacin
DB00639,Butoconazole
DB00312,Pentobarbital
DB00685,Trovafloxacin
DB00612,Bisoprolol
DB00217,Bethanidine
DB00803,Colistin
DB01174,Phenobarbital
DB00577,Valaciclovir
DB00319,Piperacillin
DB00369,Cidofovir
DB00558,Zanamivir
DB01059,Norfloxacin
DB00569,Fondaparinux sodium
DB00791,Uracil mustard
DB04953,Ezogabine
DB01265,Telbivudine
DB00936,Salicylic acid
DB00896,Rimexolone
DB00141,N-Acetyl-D-glucosamine
DB00956,Hydrocodone
DB09018,Bromopride
DB06772,Cabazitaxel
DB00895,Benzylpenicilloyl Polylysine
DB00773,Etoposide
DB00782,Propantheline
DB00988,Dopamine
DB00492,Fosinopril
DB05266,Ibudilast
DB02300,Calcipotriol
DB05245,Silver sulfadiazine
DB01118,Amiodarone
DB00523,Alitretinoin
DB00826,Natamycin
DB00987,Cytarabine
DB01280,Nelarabine
DB08912,Dabrafenib
DB08936,Chlorcyclizine
DB00515,Cisplatin
DB08815,Lurasidone
DB00356,Chlorzoxazone
DB01212,Ceftriaxone
DB00348,Nitisinone
DB08871,Eribulin
DB00384,Triamterene
DB00169,Cholecalciferol
DB00576,Sulfamethizole
DB00528,Lercanidipine
DB00516,Bentoquatam
DB00208,Ticlopidine
DB00970,Dactinomycin
DB00176,Fluvoxamine
DB02638,Terlipressin
DB01625,Isopropamide
DB00880,Chlorothiazide
DB01377,Magnesium oxide
DB00629,Guanabenz
DB01410,Ciclesonide
DB01238,Aripiprazole
DB01221,Ketamine
DB00180,Flunisolide
DB03147,Flavin adenine dinucleotide
DB05294,Vandetanib
DB01590,Everolimus
DB00185,Cevimeline
DB01237,Bromodiphenhydramine
DB01354,Heptabarbital
DB00455,Loratadine
DB01099,Flucytosine
DB06402,Telavancin
DB01366,Procaterol
DB01159,Halothane
DB00186,Lorazepam
DB01195,Flecainide
DB00743,Gadobenate Dimeglumine
DB01006,Letrozole
DB08889,Carfilzomib
DB00696,Ergotamine
DB01171,Moclobemide
DB00299,Penciclovir
DB00194,Vidarabine
DB01036,Tolterodine
DB01627,Lincomycin
DB00285,Venlafaxine
DB00916,Metronidazole
DB00627,Niacin
DB01433,Methadyl Acetate
DB00715,Paroxetine
DB01121,Phenacemide
DB00323,Tolcapone
DB01144,Diclofenamide
DB00594,Amiloride
DB00675,Tamoxifen
DB01002,Levobupivacaine
DB00218,Moxifloxacin
DB01621,Pipotiazine
DB01259,Lapatinib
DB00444,Teniposide
DB00564,Carbamazepine
DB00570,Vinblastine
DB00362,Anidulafungin
DB00225,Gadodiamide
DB09000,Cyamemazine
DB06782,Dimercaprol
DB08792,Diloxanide
DB01346,Quinidine barbiturate
DB06804,Nonoxynol-9
DB00562,Benzthiazide
DB00395,Carisoprodol
DB00990,Exemestane
DB00205,Pyrimethamine
DB06696,Arbekacin
DB01581,Sulfamerazine
DB01582,Sulfamethazine
DB01413,Cefepime
DB00451,Levothyroxine
DB00409,Remoxipride
DB04896,Milnacipran
DB00458,Imipramine
DB00424,Hyoscyamine
DB00421,Spironolactone
DB01224,Quetiapine
DB08819,Tafluprost
DB01332,Ceftizoxime
DB01061,Azlocillin
DB01607,Ticarcillin
DB00228,Enflurane
DB01015,Sulfamethoxazole
DB05260,Gallium nitrate
DB00728,Rocuronium
DB00640,Adenosine
DB00682,Warfarin
DB01241,Gemfibrozil
DB08971,Fluocortolone
DB00468,Quinine
DB00983,Formoterol
DB00927,Famotidine
DB01275,Hydralazine
DB01233,Metoclopramide
DB00617,Paramethadione
DB00530,Erlotinib
DB01283,Lumiracoxib
DB00482,Celecoxib
DB08799,Antazoline
DB00398,Sorafenib
DB00822,Disulfiram
DB00958,Carboplatin
DB00354,Buclizine
DB01250,Olsalazine
DB01329,Cefoperazone
DB00315,Zolmitriptan
DB00795,Sulfasalazine
DB00050,Cetrorelix
DB00148,Creatine
DB00993,Azathioprine
DB00618,Demeclocycline
DB05521,Telaprevir
DB00456,Cefalotin
DB01017,Minocycline
DB06590,Ceftaroline fosamil
DB01024,Mycophenolic acid
DB00910,Paricalcitol
DB01160,Dinoprost Tromethamine
DB00195,Betaxolol
DB01437,Glutethimide
DB04880,Enoximone
DB01619,Phenindamine
DB00309,Vindesine
DB08944,Isoaminile
DB00650,Leucovorin
DB00559,Bosentan
DB00161,L-Valine
DB00888,Mechlorethamine
DB00864,Tacrolimus
DB00971,Selenium Sulfide
DB00334,Olanzapine
DB00555,Lamotrigine
DB00159,Icosapent
DB00345,Aminohippurate
DB00551,Acetohydroxamic Acid
DB01218,Halofantrine
DB00836,Loperamide
DB08933,LULICONAZOLE
DB01108,Trilostane
DB01231,Diphenidol
DB01130,Prednicarbate
DB00809,Tropicamide
DB00378,Dydrogesterone
DB01319,Fosamprenavir
DB01435,Antipyrine
DB06795,Mafenide
DB01096,Oxamniquine
DB00330,Ethambutol
DB00531,Cyclophosphamide
DB00635,Prednisone
DB00556,Perflutren
DB00854,Levorphanol
DB01217,Anastrozole
DB01301,Rolitetracycline
DB01422,Nitroxoline
DB01336,Metocurine
DB00806,Pentoxifylline
DB00306,Talbutal
DB01105,Sibutramine
DB00823,Ethynodiol
DB06715,Potassium Iodide
DB01180,Rescinnamine
DB00608,Chloroquine
DB00478,Rimantadine
DB00229,Cefotiam
DB01114,Chlorphenamine
DB00762,Irinotecan
DB00652,Pentazocine
DB00582,Voriconazole
DB00920,Ketotifen
DB00257,Clotrimazole
DB00147,Pyridoxal
DB06207,Silodosin
DB00437,Allopurinol
DB00400,Griseofulvin
DB01184,Domperidone
DB01151,Desipramine
DB00947,Fulvestrant
DB00300,Tenofovir
DB08974,Flubendazole
DB01416,Cefpodoxime
DB01190,Clindamycin
DB00222,Glimepiride
DB00547,Desoximetasone
DB01133,Tiludronate
DB00336,Nitrofural
DB00575,Clonidine
DB00776,Oxcarbazepine
DB06287,Temsirolimus
DB01191,Dexfenfluramine
DB00623,Fluphenazine
DB01044,Gatifloxacin
DB00286,Conjugated Estrogens
DB01168,Procarbazine
DB00775,Tirofiban
DB00918,Almotriptan
DB00977,Ethinyl Estradiol
DB00526,Oxaliplatin
DB00302,Tranexamic Acid
DB00366,Doxylamine
DB08810,Cinitapride
DB00368,Norepinephrine
DB00626,Bacitracin
DB00991,Oxaprozin
DB00340,Metixene
DB00469,Tenoxicam
DB01246,Alimemazine
DB00504,Levallorphan
DB00986,Glycopyrrolate
DB01255,Lisdexamfetamine
DB01396,Digitoxin
DB00889,Granisetron
DB06268,Sitaxentan
DB08934,Sofosbuvir
DB00513,Aminocaproic Acid
DB00842,Oxazepam
DB00969,Alosetron
DB08842,Acetylcarnitine
DB00155,L-Citrulline
DB06148,Mianserin
DB01030,Topotecan
DB00542,Benazepril
DB08820,Ivacaftor
DB04898,Ximelagatran
DB00663,Flumethasone Pivalate
DB00587,Cinalukast
DB00953,Rizatriptan
DB00449,Dipivefrin
DB02187,Equilin
DB05812,Abiraterone
DB05265,Ecabet
DB01236,Sevoflurane
DB00754,Ethotoin
DB01430,Almitrine
DB00968,Methyldopa
DB01268,Sunitinib
DB01007,Tioconazole
DB00173,Adenine
DB00982,Isotretinoin
DB00433,Prochlorperazine
DB01232,Saquinavir
DB00768,Olopatadine
DB01037,Selegiline
DB00276,Amsacrine
DB08796,Pipazethate
DB08965,Fusafungine
DB00297,Bupivacaine
DB00784,Mefenamic acid
DB00921,Buprenorphine
DB08827,Lomitapide
DB00253,Medrysone
DB08909,Glycerol Phenylbutyrate
DB01046,Lubiprostone
DB00014,Goserelin
DB00708,Sufentanil
DB00911,Tinidazole
DB00832,Phensuximide
DB00221,Isoetarine
DB00931,Methacycline
DB03255,Phenol
DB00781,Polymyxin B Sulfate
DB00892,Oxybuprocaine
DB00891,Sulfapyridine
DB00757,Dolasetron
DB01262,Decitabine
DB00135,L-Tyrosine
DB00204,Dofetilide
DB01623,Thiothixene
DB00900,Didanosine
